1.74135160,-0.26138979,-0.39697710,-0.46352434,-0.28060126,0.45157963,-0.24629182,-1.46681070,0.27633315,-0.24901445,1.01460302,-0.92412615,0.28944919,-1.95742929,0.08202031,-1.48545384,0.27341819,-0.84746820,-0.70080376,-0.30983061,1.86365068,-0.75053316,-0.19532712,0.90801251,0.39687255,-0.40959501,-0.76363426,1.67798865,0.82725728,-1.45134759,-1.34959853,1.60268676,0.23370856,-2.49429607,-0.56426364,0.97363669,1.51525557,0.34472138,1.35303938,0.07734277,1.07899427,-1.66824210,-0.25267008,-1.04925454,1.79564965,-0.03140416,-0.31954908,0.24569319,-2.29131246,-1.38359320,-0.79271722,-0.29085439,-0.26333731,0.47121698,0.35817721,-0.57588816,1.66255736,-0.00137279,0.34141713,1.29129648,-0.17170095,0.62734085,-0.97683233,-1.59180367,-0.94870031,0.82664102,-0.58266020,-1.48461199,-1.01194870,0.84913284,0.16210118,-0.46012220,-0.49917537,0.06717665,0.32008979,0.48462224,1.20789695,-0.11898841,1.04953480,0.81182021,-0.08998147,0.60929507,-1.72029662,1.85085869,1.54350603,-0.38530958,1.33691680,0.75152934,0.52923232,-0.03655453,0.04706571,-0.48346055,-1.33912754,0.24553549,-0.32885092,-0.41131532,0.45733419,0.95611018,0.29914466,-1.06745970,-0.37564248,0.52392232,-2.73797178,-0.18884960,-0.95968586,0.66108155,1.18369281,-1.36864102,-1.33270919,0.89785910,2.10469103,1.56042397,-0.43708137,1.05784428,1.55402911,0.10164385,0.54461354,-0.54740077,0.36208272,-1.39346528,0.66570044,0.39904231,-0.60520709,-0.89089859,-0.28634202,0.36203885,1.51558304,-0.47474971
-0.51988757,0.89096141,-0.68664974,1.16760671,0.23646832,-0.10615461,0.65031773,1.45977235,1.19181943,0.20365831,0.07113405,-0.75224203,-1.58419931,1.13159525,-0.64050323,1.43545163,0.55531949,2.09609842,0.18295059,1.69053829,-1.65658903,1.17147040,-0.58968753,0.28619778,-0.61533850,-0.55667597,0.55442661,-2.23448944,-1.38144517,0.69314384,0.45932177,-1.63854408,0.13001236,1.10642803,-0.51179290,-0.30238271,-2.09498477,-1.24529576,-1.44450462,0.14777479,0.52804995,1.30388534,-1.00133872,0.80409366,0.47783545,-0.75916547,1.50659835,-0.72237426,1.03224003,-0.33348021,1.74146628,0.92754930,-0.18371895,-0.42138770,1.22784567,0.04863482,-1.40769637,1.58030641,-1.09824789,-0.54784495,-0.63873369,-0.52480406,1.41179705,0.80703974,1.23776495,-0.73207968,0.64697903,0.17291945,-0.79381305,0.30070823,-0.30488920,0.44167796,0.43651921,0.91315317,-0.06007662,0.70754969,-0.61747688,0.08989049,-0.77272874,-0.01180350,-1.69509983,0.91220832,-0.23582746,-1.95853138,-0.91107696,-0.69471014,-0.50485319,-1.97264802,0.36466056,1.14960325,-0.01782331,1.39428425,1.05880558,-1.10661113,-0.55662030,0.82093197,1.93001020,-0.29504165,-1.82943141,0.95533478,1.25931787,0.54083669,1.30919576,-0.06356244,0.59280181,-1.45796680,-1.84403348,0.08181999,0.73614603,-0.33330432,-1.89775026,0.36039078,-0.51492286,-1.24243748,0.21612261,-0.79011142,-1.04696298,-0.32624722,1.17211187,-0.76290077,0.76291609,-0.24694473,-0.18853694,1.52455950,-0.57289439,0.55614823,-0.43387735,-0.55642438
-1.34207225,1.12444913,-0.17288674,-0.63388109,-0.39000118,0.30780545,0.14151134,0.33389562,-0.40501216,-0.90783566,-0.71500564,0.36939114,-0.97878772,0.99922723,-1.16657579,1.92162919,0.98147726,1.16556609,1.02347267,-0.44600314,-1.56020498,1.33019090,-0.22873396,-0.22548111,-0.08071018,-0.47734693,0.60491741,-0.91682726,-0.20844127,1.53771508,1.27200031,-2.47473979,0.14611144,2.37518668,0.32409412,-1.13982415,-1.38069904,-1.21311080,-0.60971314,0.09829523,0.33996791,1.56407058,-0.48753253,1.63336575,-1.50178075,-1.07799983,-0.35275406,0.00151058,1.64724791,0.47568882,1.20608258,0.68769866,-0.48262283,0.39901480,-0.22607189,1.03636253,-2.69637752,0.33671662,-0.86481619,-1.10422540,-0.41915500,0.99460351,1.12927794,1.12036109,-0.39304331,-0.80303395,0.79643428,1.21637833,-0.68009835,0.07034010,-1.04904306,1.02608347,0.20433228,0.20167692,0.31788847,0.08024468,-0.66479093,0.36176294,0.68078285,-0.06302847,-0.00873619,-0.99176973,0.99505687,-1.27421319,-0.90450323,0.69851887,-1.24537253,-0.89783001,-0.48933077,0.89844090,0.24974270,1.10711122,0.37081271,-1.05994415,-0.11183842,0.70757365,0.23068716,-1.60857403,-0.82130092,1.64063001,-0.35086036,-0.92309290,2.25932050,-0.05177783,1.56900990,-1.58513403,-1.30831718,1.10273600,0.65635616,0.24139839,-1.91161823,-0.65088087,0.42277199,-1.74929965,-1.32591999,-0.20353206,0.07898612,1.11034060,-0.63218218,0.94231439,0.04602105,-0.36085635,0.76169395,1.82365108,0.27643657,0.53156281,-1.56408131,0.32113251
-1.08743286,1.02715695,-0.36658764,0.61780125,-0.13857310,-0.14672945,0.15835549,1.04861057,0.25235039,-0.19554947,-0.63124985,-0.26233920,-1.45397425,1.56403685,-0.97785574,1.86679566,0.47274888,1.41316676,0.65238738,0.49500063,-1.54396713,1.30778491,-0.20330516,-0.10962519,-0.32953489,-0.43913335,0.56543243,-1.66388071,-0.77016181,1.56237459,1.18739557,-2.22685313,-0.02609170,1.96846306,0.36042142,-1.07273006,-1.66337919,-1.23746502,-1.21995473,0.26806942,0.22217488,1.94771767,-0.64546734,1.49260080,-1.04966962,-1.07960546,0.79545665,-0.48238915,1.64875031,0.22969581,1.61196423,0.90685099,-0.14400752,-0.48523441,-0.01163172,0.61165559,-2.22226977,0.96166724,-0.95799685,-1.04665196,-0.32435486,0.01088930,1.18461204,1.21006978,0.79659557,-0.74633694,0.86000621,0.90652049,-0.53422695,0.04681540,-0.72517323,0.98846918,0.28820014,0.37846547,0.17775479,0.08992374,-0.83997524,0.45269614,-0.36934626,-0.10304271,-0.64523190,-0.19533929,0.81169999,-1.95324862,-1.37737548,0.27011618,-1.01831162,-1.79165530,-0.08289883,0.89023155,0.26412007,1.09581816,0.91604173,-1.23802710,-0.49414119,0.88958931,1.05936956,-1.19936037,-1.21442211,1.18686414,0.55586624,-0.39736530,2.11538839,-0.27153739,1.26893854,-1.47678721,-1.60520935,0.89003766,0.91873974,-0.13627446,-1.94546080,-0.71132624,0.29815507,-1.69244707,-0.84491187,-0.33151922,-0.82280976,0.39943758,0.20788045,0.64195943,0.59621215,-0.27654976,0.37890589,1.88693476,-0.29025626,0.68655515,-1.30193019,0.05715783
0.92346436,0.11773915,-0.21626259,-1.68094468,-0.67283154,0.82108134,-1.05687797,-2.17804408,-0.90320492,-1.05205369,0.01673101,0.07870446,0.39235660,-1.72480106,-0.22274165,-1.04370606,0.62291491,-1.28338456,-0.36877176,-2.00313187,1.65301323,-0.25619072,-0.26923218,0.52624285,0.93090069,-0.34893292,-0.79294908,2.62374854,1.49201286,-0.35579136,-0.57914460,0.95377755,0.67442656,-1.52043319,-0.11313789,-0.52449590,2.12042594,-0.16193478,1.66386664,0.24864818,0.65141171,-0.78579634,0.02657874,-0.62087846,-0.16836677,-0.11309043,-1.49524307,1.18237984,-1.44551337,-0.91332704,-0.94012839,-0.35911047,-0.33229926,1.43565416,-0.68922651,0.82597560,0.29230505,-0.97002602,0.25707945,0.68525845,-0.22735226,1.87462258,-0.93557936,-1.63182878,-2.17806864,0.55871737,-0.13052857,-0.48847288,-0.94920450,0.71707904,-0.69295776,0.16949925,-0.89506441,-0.36498383,0.50645566,0.05220905,1.19169521,0.59232634,2.25688291,0.65269917,1.06003785,-0.67074853,-0.53832418,2.12225914,1.57247710,0.81502807,0.74667019,1.16630256,-0.19058567,-0.21648639,0.70280558,-0.22774084,-2.17994022,0.26736179,-0.31142512,-0.31005931,-0.76848835,-0.48916641,1.03837025,-0.46784866,-1.67041063,-0.56170815,-1.38281572,-0.54154062,-0.36839876,0.04463289,1.04242098,0.21535063,-1.13791406,1.60862541,2.33428764,0.34529737,0.58940202,0.27126393,0.11056910,0.39099321,1.65635610,0.66839451,-1.62323093,0.25503072,0.05316794,0.48480278,0.10380911,-0.28798279,0.13872929,0.65516281,0.34467971,-0.04268832
-0.70171285,1.49142814,-1.60469544,-0.75326467,1.02081358,0.44753501,-0.42579457,0.49790469,1.17866874,-0.34148782,0.12131914,-0.60429263,-1.25833356,0.40018854,-0.36963347,1.49379659,1.13713384,2.41320539,-0.10718594,1.67713904,-1.37047493,1.89402986,-1.13198984,0.48046723,-1.21226299,-0.19650844,0.17465724,-1.34418237,-1.84995627,0.54338682,0.12845881,-1.30055451,0.44432241,0.46420753,-0.68415588,-1.23770058,-0.67778444,-1.22803187,-1.34439659,-0.11929818,0.25273591,1.45879781,-1.15108526,0.66395050,0.27112105,-0.35582060,1.15646970,0.66523325,0.88883018,-0.66608304,1.52787912,0.73360085,-0.68911886,1.56320953,1.10420001,0.72484154,-0.53473741,1.15261364,-0.86408156,-0.23286837,-1.24856269,0.38672659,1.54291034,0.10532532,0.16097315,-0.92783564,1.47414958,-0.17098776,-1.64291275,0.51561081,-0.74174762,0.83620167,-0.55488873,1.00136149,-0.38113350,2.16554761,-0.55553466,0.62818420,0.30689606,0.09937233,-1.75668430,1.15660179,-0.66229743,-0.64520854,-0.14633358,-0.34614000,0.64898360,-1.59882021,-0.02084109,1.26039863,0.05860038,1.92521429,0.38219592,-1.27769685,-1.21757436,1.28175211,1.31978762,-1.09947801,-1.74204564,0.38386282,0.33350715,0.40374854,0.53877586,-0.40226734,-0.37589425,-1.81218338,-1.69859862,0.21735831,0.19531412,0.49715787,-0.80828023,0.20469320,0.22019877,-1.57166934,0.26032865,-1.16483521,-0.08919103,0.36062017,-0.12575856,-1.33297682,0.58116347,0.61598748,-1.11880934,1.76609004,-0.07711392,1.16489995,-0.57030231,-0.91448480
0.48879054,0.79895478,-0.57346737,0.93611103,-0.28193209,0.16787095,0.06208383,0.40276936,0.99638313,-0.21193081,0.35099438,-1.84767032,-2.19447207,1.24041498,-1.39418244,1.52037168,0.69391072,1.44445491,-0.32771048,0.73950475,-1.35030615,0.88213319,-0.48848501,0.90944713,-0.27928281,-1.42854822,0.22802483,-1.32497573,-0.70814902,0.76747489,0.07210398,-1.56494462,-0.10019843,0.18259825,-0.71990967,-0.88482887,-1.45482194,-1.23077643,-0.78672814,0.94747704,1.26097906,1.48318541,-1.33769274,0.82056075,0.98747891,-1.60103166,1.23593879,-0.17974515,0.41395241,-1.46499956,2.04709625,1.00974703,-0.34941339,-0.69680959,0.62402242,0.56846547,-0.67971605,1.91642606,-0.93102181,-0.28958872,-0.63028991,0.26971486,0.99770749,-0.11075497,0.67036641,-0.41883728,0.82639766,-0.48672673,-1.70816147,1.07529640,-0.77447218,0.57745224,0.03415388,0.48189172,0.70571178,0.17048092,0.05599102,0.62390381,0.20759812,0.84405911,-1.37674761,0.64834696,-0.64605838,-1.08220589,-1.05028522,-0.22760434,0.24278593,-1.84776998,0.09895312,2.03274393,0.50818419,1.35064292,0.43935433,-1.45883799,-1.31592715,0.66525972,2.41169620,-0.46264657,-1.99122751,0.64306939,1.12511671,-0.16333027,0.46193555,-1.08748889,0.58702612,-1.33768141,-1.67269695,0.07152364,-0.29709196,0.50750983,-0.17303264,0.38021421,-0.12465288,-1.38637710,0.80819339,-0.17394699,-0.54242462,-0.61437958,1.29020894,-0.67162931,1.77514637,-0.33904418,-0.53548533,1.81964922,-1.12007630,1.38340521,0.02951023,-0.53646970
-0.64740545,0.87340540,-0.53453743,-1.95063710,-0.51463473,0.70333207,-1.28288460,-1.28710783,-1.10721600,-1.17885232,-0.93187392,0.59219444,0.15656161,-0.38705179,-0.62868899,0.05215734,0.89342266,-0.28609246,0.12975083,-2.12654448,0.33017504,0.61955482,-0.57423949,-0.29142714,0.62958938,-0.20877466,-0.57908189,1.69729054,0.73927748,1.09894204,0.46183205,-0.22429769,0.69010746,0.45280302,0.34989575,-1.91425693,1.49254453,-0.94064760,0.80137712,0.18293422,-0.01402897,0.89683980,-0.01122283,0.24300297,-2.01283097,-0.01355835,-1.44042206,1.57233596,0.34434411,-0.03161182,-0.28576887,0.23827863,-0.29013065,1.85346043,-1.11453629,1.80989695,-1.34588397,-1.10110486,-0.20345332,-0.14155906,-0.35025528,1.96732354,0.14465353,-0.84533691,-1.81726015,-0.11884993,1.03528523,0.79923463,-0.85847706,0.16763088,-1.24040496,1.03734982,-0.95068663,-0.21416107,0.49083331,0.16326962,0.31640747,1.44904959,2.07824063,0.30192545,1.05794883,-1.04124904,0.84757733,0.92124057,0.72027034,1.23815346,-0.01325737,0.15828758,-0.71531397,-0.03701388,1.10626280,0.68949622,-1.86690462,-0.04114357,-0.16597538,0.42131343,-1.01687431,-1.90844572,0.72483414,0.53347385,-1.69051099,-1.21502292,0.67905855,-0.88753867,0.30109772,-1.17291832,-0.09948356,1.61432540,-0.05729675,1.41181123,0.76349658,-0.94174981,1.10424697,-1.07069695,-1.35631955,0.16635068,1.57170391,1.29341304,-2.72495866,1.49075568,-0.36818260,0.57449800,0.14434667,0.73579419,0.27871770,0.99642760,-1.23769784,0.25846136
-0.20936596,0.99827659,-0.33539224,0.91177773,-0.20558396,-0.18765698,0.20415497,0.99796867,0.64769608,0.05135726,-0.00534796,-1.00553536,-1.54705548,1.73683524,-1.37872815,1.62949193,0.47704780,1.77255034,0.13451469,0.65265107,-1.47824585,0.77279758,-0.27901044,-0.10566800,-0.50972056,-0.76562840,0.54939514,-2.18955588,-1.27738309,1.04038846,0.52166474,-1.94393265,0.05294409,1.84821582,-0.13966395,-0.99151969,-1.96067727,-1.04964685,-1.18192863,0.73920906,0.11890280,1.91312063,-0.70031542,0.94661260,-0.15115175,-1.06063354,0.77600557,-0.28188613,1.66841686,-0.16780336,1.67412865,1.25446296,-0.14562461,-0.49888048,0.58306414,0.53282595,-1.63436115,1.45551395,-0.95269650,-0.71429765,-0.31178823,-0.34387106,1.32491958,1.04931712,1.08121729,-0.59573919,1.09698904,0.51949453,-0.76606470,0.03155854,-0.65958571,0.93148649,0.10876974,0.44742358,0.50209284,0.02063178,-0.31682962,0.65504014,-0.70642626,0.28804201,-1.11475098,0.38296133,0.49101922,-1.57883751,-1.35540092,-0.31408238,-0.14661807,-2.07503581,-0.34592873,1.46200132,0.30416843,1.18928254,1.12372422,-1.15070760,-0.66551125,0.70922983,1.69916224,-0.75069457,-1.67335224,1.41223192,1.05961108,-0.46998435,1.60255218,-0.90599954,0.92947191,-1.48586130,-1.80773175,0.55660290,0.63318533,-0.16096923,-1.79053235,-0.45162767,-0.22581874,-1.51982427,-0.26772934,-0.41673172,-1.12659192,0.01852953,0.80706489,-0.01931621,0.93514842,-0.15107147,-0.20827973,1.70584893,-0.90843111,0.91460210,-0.89471138,0.11311955
-0.56724751,1.31088591,-0.32754803,-0.36110687,-0.57536554,0.30613205,-0.69651955,-0.16655767,-0.37580916,-0.74764466,-0.50163484,-0.45712933,-1.72917151,1.15685391,-1.52787685,1.76129711,0.62201107,0.90856183,0.23906465,-0.80006254,-0.99107611,1.23007905,-0.45551658,0.05345501,0.27611879,-0.77620858,0.30879703,-0.66684389,-0.08781452,1.71934867,0.79129452,-2.06734228,0.41091138,1.65382910,0.28666323,-1.87966120,-0.69738346,-1.41861069,-0.48114535,0.64504832,0.25127965,2.05242348,-0.53932250,1.35139918,-1.36421037,-1.24416709,-0.14847893,0.36077881,1.42168629,-0.36936525,1.35522330,0.88434350,-0.31731701,0.18247865,-0.66720539,1.45792162,-2.35415530,0.42939627,-1.06057107,-0.88368100,-0.50506723,1.19814348,0.84869683,0.69608694,-0.26816621,-0.42956221,1.17617178,1.16051185,-0.91023874,0.32094333,-1.17540216,1.29780817,-0.27936375,-0.16440819,0.74561137,-0.18903150,-0.19108194,1.18562508,0.79533523,0.30937475,0.12003496,-0.85596836,0.74028879,-1.03113949,-0.96815026,1.03075182,-0.35193345,-1.64150834,-0.52874893,1.00870109,0.88526320,1.06726086,-0.07756005,-1.11616743,-1.12527013,0.91216838,0.82534629,-1.89797091,-0.59765261,1.14824092,-0.14390606,-1.00969589,1.84704363,-1.05789745,1.26691246,-1.69731569,-1.37022388,1.28620756,0.26610011,0.81655037,-0.72389460,-0.86430800,0.91485220,-1.83221745,-1.06738877,0.05356972,-0.09107295,0.66740125,-0.62312365,1.12286699,0.85095412,-0.00487349,0.60358226,2.09140825,-0.40096238,1.38286114,-1.52602184,0.00493542
-0.86125255,1.29334509,-0.60212106,-0.16606088,-0.26567617,-0.03009539,-0.49150145,0.34054485,-0.04824574,-0.46477085,-0.79112411,-0.31796226,-1.46125984,1.55800092,-1.25025034,1.75738919,0.55699754,1.27537608,0.35709891,-0.09810071,-1.28822660,1.22172832,-0.39125916,-0.18718664,-0.22010241,-0.47546947,0.32252625,-1.12353516,-0.75287718,1.71596432,0.90839708,-2.01611996,0.25167868,1.89348555,0.31036392,-1.84675241,-1.01532865,-1.29625893,-0.86961114,0.54651374,-0.19837047,2.29285884,-0.64077377,1.30494785,-1.45536554,-1.06310451,0.28132069,0.34729186,1.84714305,-0.00372684,1.44045079,1.02197850,-0.15201114,0.16799124,-0.35185176,1.23639369,-1.98490512,0.63622057,-0.75722146,-0.91892308,-0.44111964,0.56107360,1.04795837,0.91714537,0.16265382,-0.77805597,1.35021925,1.10441077,-0.77056414,-0.01212514,-1.06594551,1.30528140,-0.26231474,0.09386659,0.49668151,0.10498145,-0.39970815,1.14459610,0.07905184,-0.02730559,-0.28308707,-0.42917696,0.91857743,-1.34486246,-1.08863652,0.65436441,-0.34285834,-1.58464956,-0.56771702,0.96514159,0.66763705,1.12614286,0.41401821,-1.15795541,-0.84927571,1.01266813,0.72893846,-1.73399246,-0.87645996,1.10096240,0.04573439,-0.81780785,2.16046119,-0.90702766,1.10511601,-1.56592751,-1.52829313,1.35296381,0.58446062,0.36295393,-1.28805256,-1.06495368,0.72646803,-1.92238986,-1.05998886,-0.33585921,-0.20679860,0.71925300,-0.60644686,0.93014616,0.47926000,0.10086292,0.28533962,2.05628920,-0.25643057,1.24575531,-1.57499671,0.07958439
0.21327631,0.13550413,0.22504264,-2.28758788,-0.03850873,1.12164283,-1.40638876,-2.05843830,-1.09886229,-1.07264900,0.12222604,0.17878588,0.01799637,-0.73724204,0.36829138,0.02353535,0.91855878,-0.73684603,-0.43553358,-1.99290884,0.40996554,0.34649569,-0.44869608,0.18276653,-0.02890401,-0.37272227,-0.54217297,2.26428580,1.28597093,-0.31116092,0.05065830,0.21298657,0.71102911,-1.02561724,-0.47934079,-1.21800590,1.45722008,-0.39275685,1.16661239,0.45392576,0.45741278,-0.16255280,0.24833842,-0.64872044,-0.61050344,-0.02963411,-1.76389599,2.02045989,-0.74669659,-1.15637851,-0.32164937,-0.64488572,-0.52765799,1.53777981,-0.28827253,1.55517375,0.02025312,-0.79460043,0.23661354,-0.04967353,-0.44001168,1.92035067,-0.13213977,-1.03228784,-2.21974301,-0.17735712,0.08201893,-0.01142628,-0.86450887,1.39773905,-0.88490087,0.28356478,-1.10830891,-0.40969428,0.24299668,0.47627059,1.04573679,0.37828711,2.84438705,0.56778443,1.35787725,-0.90652263,0.19621618,2.01467252,0.13120592,1.18509626,0.73040491,1.16945577,-0.71358365,0.32666907,1.13355172,0.29913551,-1.82668567,0.19967113,-0.71917582,-0.22975934,-1.16421723,-1.01231945,0.48413807,0.25969574,-1.79464877,-1.52954280,-0.63428915,-0.80706060,-0.43761498,0.49362460,0.23337209,0.61762047,-1.04385602,1.53227890,2.70812964,-0.28449711,1.21973932,-0.69684666,-0.04214642,0.44296303,2.29885530,0.42461547,-2.17640972,0.56016237,-0.04633920,-0.01609825,-0.23979199,0.03074688,0.24065463,0.38026920,0.35994834,-0.19456951
1.55610299,-0.42940935,-0.33594716,-0.55389023,-0.25723636,0.46699956,-0.26499915,-1.42793381,0.23357500,-0.21826078,0.87478054,-0.72869492,0.49350309,-1.92722833,0.21236452,-1.60457790,0.16935325,-1.00303674,-0.64797777,-0.40673691,1.82515836,-0.78074819,-0.15874852,0.86117250,0.49897739,-0.27751791,-0.87063092,1.84423137,0.87117696,-1.36979640,-1.30418396,1.77129948,0.08985696,-2.55984354,-0.52781409,0.89054531,1.71037066,0.49708945,1.31992948,0.02739974,0.99772263,-1.70175707,-0.17733483,-1.08561039,1.65229952,0.05092157,-0.31043199,0.33674312,-2.30753207,-1.20930696,-0.88663381,-0.43182078,-0.21618256,0.52081859,0.20813315,-0.52208346,1.78785992,-0.12162717,0.47539425,1.24945569,-0.11975224,0.64669728,-1.00600815,-1.69184160,-0.98951775,0.77957898,-0.55906802,-1.45665622,-0.90031099,0.77459347,0.25330910,-0.51923400,-0.49121124,0.03688623,0.28349870,0.34783414,1.09796202,-0.08257475,1.04919338,0.72598946,-0.02138070,0.58622622,-1.63603032,1.88807094,1.56220853,-0.29650158,1.23481476,0.95599699,0.48904634,-0.17220186,0.00304695,-0.50766969,-1.40957212,0.35937190,-0.25259981,-0.44367293,0.23009494,0.89023006,0.42637199,-1.16886508,-0.40207306,0.52728230,-2.74586987,-0.11757363,-1.04458141,0.72481865,1.25285685,-1.20854104,-1.35404980,0.81698203,2.23578095,1.39467013,-0.31857720,1.13549721,1.45290244,0.19852570,0.70969111,-0.54443270,0.23163591,-1.23656285,0.54767203,0.39510405,-0.70377266,-1.00009716,-0.15212411,0.28039992,1.46360743,-0.42376646
-0.08449758,0.80416006,-0.78895712,1.24193156,0.13438894,-0.07792394,0.88499987,1.39017785,1.49963570,0.25067148,0.37832767,-1.08631873,-1.50007963,0.73648685,-0.57554698,1.09448826,0.72949028,2.10627627,0.12211013,2.01886272,-1.34085798,0.96953034,-0.74650550,0.49274033,-0.67826194,-0.74841809,0.44053283,-2.10670447,-1.40358508,0.20978120,0.10635073,-1.35118806,0.23028450,0.52983779,-0.73600411,0.12061713,-2.01325464,-1.15005767,-1.24587023,0.12324601,0.78827703,0.82402360,-1.17514193,0.51631075,1.06525922,-0.79200602,1.65207410,-0.82759923,0.50245053,-0.59211922,1.56622922,1.07781124,-0.25762290,-0.37456197,1.53730059,-0.35339233,-1.08766103,1.78259659,-1.07997930,-0.16325325,-0.67597449,-0.59182614,1.30194449,0.54808199,1.24133480,-0.62192273,0.42686713,-0.29408485,-1.12440133,0.44397148,-0.22583488,0.28500810,0.39104584,1.14108169,-0.04913721,0.92682433,-0.31912881,-0.02187110,-0.69949472,0.22374053,-1.97223771,1.30304825,-0.69723439,-1.72072017,-0.52923232,-1.06207287,-0.22315773,-1.79191709,0.55944777,1.16984975,-0.12073325,1.30525672,0.97484708,-1.04444671,-0.49421337,0.73373181,2.21032190,0.15196179,-2.07474375,0.81217688,1.37836468,0.75252771,0.74482888,-0.01436024,0.31830353,-1.29912841,-1.69517362,-0.37731197,0.50630820,-0.28337276,-1.67134476,0.87678570,-0.91848731,-0.96119368,0.75998425,-0.96666121,-1.04298449,-0.54490823,1.47940087,-1.27378345,0.85431242,-0.11353189,-0.38792118,1.26482904,-0.70724452,0.56722808,0.08044338,-0.73183227
-1.53712583,1.10093844,-0.11365566,-0.91383892,-0.43875188,0.45856461,0.13829435,0.21476512,-0.61516815,-0.94685274,-0.71748966,0.43225855,-0.74821508,0.85559618,-1.13053727,1.92884362,0.92130494,0.97258991,1.15269828,-0.66759694,-1.41827333,1.37516463,-0.14758135,-0.33006355,-0.04302314,-0.39221215,0.50844741,-0.71974039,0.09798642,1.55549443,1.34614873,-2.43261981,0.08853611,2.36472631,0.51381636,-1.03412747,-1.27520645,-1.17817998,-0.40847427,-0.06932400,0.39015213,1.33767593,-0.48163310,1.74279332,-1.65608025,-1.06464112,-0.53520030,0.02370232,1.47102606,0.63241500,1.02675581,0.52365077,-0.61926448,0.49068347,-0.30613634,1.09119546,-2.81803656,0.12540074,-0.94334990,-1.02991366,-0.41853136,1.18858588,1.08281195,1.06775320,-0.53414249,-0.67210311,0.81102806,1.33683038,-0.75895971,0.11052083,-1.06223917,1.07418156,0.15149024,0.11374215,0.28082806,0.14895424,-0.72497892,0.22567779,0.92143333,-0.09749985,0.19388345,-0.99050766,1.11315823,-1.04339480,-0.86558759,0.91990370,-1.37651205,-0.83884919,-0.49797994,0.79485708,0.15114398,0.93527532,0.21173055,-0.92072058,-0.00902312,0.73142987,0.00770438,-1.70161808,-0.63972926,1.59260786,-0.54953396,-1.00618017,1.97680235,0.02749195,1.68204367,-1.55074477,-1.20545280,1.06790376,0.69314742,0.31476587,-1.82904863,-0.65275943,0.50981796,-1.82920301,-1.45298135,-0.02796940,0.27502614,1.12109613,-0.80052745,1.13821733,0.04465614,-0.46556342,0.71810186,1.83663297,0.37916008,0.51063365,-1.49667156,0.46374261
-0.93081343,1.10313594,-0.40059707,0.87037939,-0.21632619,-0.17419542,0.24646933,0.96659368,0.44155291,-0.18064937,-0.51943940,-0.45191777,-1.65724301,1.47776604,-1.06188619,1.85410500,0.37005293,1.35115874,0.61901206,0.64077789,-1.44097269,1.32851338,-0.19342686,-0.04462748,-0.14652085,-0.58245212,0.54010540,-1.73705208,-0.66586238,1.49463642,1.09876823,-2.22561812,-0.12540390,1.81275761,0.38217360,-0.83936650,-1.67258608,-1.29816568,-1.21912897,0.24733134,0.36139694,1.83115637,-0.75399619,1.54645216,-0.82148236,-1.20630634,0.94168389,-0.64304036,1.39463449,0.12117460,1.57927763,0.98098576,-0.17041735,-0.66152996,0.09881598,0.45253175,-2.23906803,0.97087789,-1.18386352,-0.89210510,-0.30260855,-0.04582866,1.18036377,1.19527149,0.99374813,-0.59045446,0.79754692,0.80115616,-0.55283266,0.18825528,-0.65266341,0.99750060,0.36148968,0.31900701,0.33477390,0.16315107,-0.87593889,0.45914471,-0.44436610,-0.04717889,-0.72231621,-0.07448062,0.68432361,-2.03670192,-1.36241126,0.29904255,-0.87056816,-2.08956861,0.02022870,0.90029436,0.23749577,0.95627224,0.95718813,-1.28290141,-0.54247171,0.97022074,1.36581278,-1.16907191,-1.23134387,1.04687214,0.68194669,-0.28365624,1.90673316,-0.25948203,1.31035900,-1.50131297,-1.59914625,0.59272337,0.86822814,-0.19151898,-2.02232337,-0.51793730,0.23515397,-1.68215191,-0.65922213,-0.35743359,-1.04454350,0.16488808,0.46236414,0.52191943,0.88919348,-0.25851023,0.40645850,1.94874477,-0.34088159,0.77134657,-1.10263968,-0.00727570
0.78337431,0.33192515,-0.30752510,-1.81317198,-0.79531229,0.90892285,-1.21490753,-2.17234612,-0.89141077,-1.24302840,-0.19948061,0.17628038,0.21428528,-1.43664646,-0.50306368,-0.68199790,0.97257203,-0.97219443,-0.23887907,-2.25568151,1.39191175,0.02976615,-0.44122565,0.57621855,0.94757724,-0.47244823,-0.78803456,2.50283217,1.31964338,-0.04249841,-0.40500090,0.53344142,0.76575434,-1.11754978,-0.13745977,-0.96788353,2.03313923,-0.46170151,1.48282218,0.35598102,0.68837446,-0.29678276,-0.09292369,-0.43941361,-0.51033849,-0.29046232,-1.66372228,1.36561251,-1.10001707,-0.88610256,-0.61830962,-0.16585651,-0.43250123,1.64336932,-0.74711442,1.06073499,-0.16334632,-0.89215857,0.10797246,0.42359838,-0.32300991,2.09008026,-0.58791995,-1.52983749,-2.27707386,0.28179452,0.10053173,-0.37556663,-1.20772040,0.82231891,-0.96172822,0.40801427,-1.00546563,-0.34594300,0.67902827,0.06785173,1.15425360,0.94527531,2.38833666,0.71376884,0.90770453,-0.84234726,-0.28779665,1.90460849,1.46027160,0.94852400,0.70220262,1.03890395,-0.40165979,-0.02275608,0.93928796,0.06032287,-2.17703080,-0.00377862,-0.27585250,-0.08639203,-0.79784542,-0.94127864,0.84834266,-0.07548430,-1.75627327,-0.86465424,-0.88448286,-0.66937304,-0.21773578,-0.30462131,0.79660773,0.55708808,-1.08653283,1.69441211,2.11636114,0.14270581,0.68984908,-0.14372787,-0.06184382,0.28435078,1.76377571,0.94882429,-1.91430116,0.48010874,0.06191428,0.59410101,0.12224814,-0.00598639,0.14680482,0.84853220,-0.02824187,-0.03334096
-0.02095943,1.49672282,-1.88668776,-0.96890455,0.66197717,0.56639487,-0.41396847,-0.11872227,1.39072096,-0.34499484,0.46089327,-1.05640590,-1.26645684,-0.40335628,-0.36441436,0.86077458,1.41105700,2.11245847,-0.30505002,1.68291318,-0.39028776,1.50695920,-1.31121230,0.92866635,-1.10581863,-0.41829753,-0.32120481,-0.70795882,-1.57348144,0.01720371,-0.45370227,-0.75789475,0.61355436,-0.58885360,-0.90244472,-0.85486954,0.00684776,-1.15964437,-0.72128427,-0.08153442,0.74138796,0.85119820,-1.39573729,0.24794132,0.77589703,-0.50931436,1.11360025,0.69369340,-0.06196636,-1.13840353,1.12692153,0.84304208,-0.78693968,1.74906898,1.09202230,0.26434797,0.02839448,1.23371887,-0.72268713,0.45184371,-1.31081533,0.75696903,1.07216239,-0.40547672,-0.13356167,-0.65368867,1.27545369,-0.69018215,-2.28016663,0.77319956,-0.77683753,0.73230451,-0.85186464,1.18931246,-0.18466535,2.37715816,0.02475406,0.78572178,0.62174743,0.53367072,-1.93940866,1.54294646,-1.39607298,0.15607199,0.56042081,-0.26054093,1.30518138,-1.29306591,0.26760873,1.16076636,0.08111234,1.57428467,-0.22087617,-1.16263711,-1.39209902,1.30309594,1.59171450,-0.83290476,-1.62018681,-0.15070926,0.27802959,0.74415970,-0.47311261,-0.56574529,-0.62592304,-1.56830978,-1.15003037,-0.32411820,-0.43636256,0.96076447,-0.19415683,0.84979981,-0.02070389,-1.29771531,0.84771758,-1.23717856,0.04002600,0.11869517,-0.01691578,-1.86397696,0.79739338,1.03481686,-1.35707450,1.41683197,-0.09605308,1.47431874,0.01297793,-1.32649648
0.91206175,0.63936412,-0.41049975,0.98470861,0.07045402,0.43292883,-0.30176073,0.05368497,0.87292486,-0.38533950,0.60634470,-2.03226233,-2.34773350,0.85752904,-0.80758977,1.41448700,0.84948516,0.93370181,-0.74102223,0.70037466,-1.11301446,0.76156116,-0.43052489,1.50895476,-0.40373519,-1.35412514,0.30092156,-0.99516666,-0.31117299,0.24895413,-0.01182493,-1.16922033,0.06704410,-0.85322553,-1.25934505,-0.69372046,-1.22182477,-1.19992578,-0.51935107,0.99152613,1.47261596,0.86549753,-1.27998126,0.06264044,1.62427080,-1.48136783,1.17415643,0.03821163,-0.39762536,-2.05454636,1.98482776,0.51108110,-0.40362352,-0.61786193,1.01580966,0.67700261,-0.14254142,1.95968175,-0.96782684,-0.27439633,-0.80461842,0.45479164,0.84891164,-0.51215225,0.31582943,-0.09164413,0.33286980,-1.02489579,-1.82367790,1.58130956,-0.52845490,0.15828556,-0.31138304,0.46149737,0.45625192,0.45154199,0.37354791,0.36837006,0.86136591,1.04365587,-1.20410466,0.74836475,-0.98993623,-0.43881205,-1.06377840,-0.27201632,0.56413615,-1.28670752,0.30633926,2.13692760,0.87744606,1.21652830,0.16562034,-1.26053321,-1.72602105,0.31051186,2.47109652,-0.13981327,-2.08379602,0.31925595,1.05170047,-0.12101846,-0.42697927,-1.12673450,0.15983528,-0.82854450,-1.52504897,-0.18188627,-0.72803128,0.74631184,0.96028352,0.77246016,-0.05603381,-0.85202152,1.26095843,-0.04132571,-0.03923728,-0.85602498,1.15794837,-1.15167785,1.89240754,-0.58321947,-0.63694561,1.50799370,-1.15557551,1.26938820,0.68669641,-0.87418860
-0.99210304,1.14701509,-0.69069201,-1.72564268,-0.59174013,0.44746843,-0.85248166,-0.61331445,-0.71308798,-0.90402669,-1.09662402,0.51775146,-0.14805223,0.41300973,-0.92258626,0.65313500,0.89105713,0.56206566,0.43861425,-1.54388285,-0.37134364,0.91480762,-0.69372171,-0.64839309,0.21622252,-0.31968018,-0.46607730,0.68528390,-0.01510646,1.48437786,0.71929997,-0.99808645,0.73795217,1.49108422,0.41486877,-2.06129599,0.39673632,-1.25575435,0.14481543,0.33245835,-0.24072674,1.67932189,-0.33126196,0.70284730,-2.19579268,-0.20826380,-0.99447179,1.23687446,1.29212260,0.31643087,0.23559055,0.78462893,-0.33572435,1.69255447,-0.66228974,1.74036217,-2.00304174,-0.52158612,-0.37897617,-0.41655463,-0.42969203,1.42843437,0.82775861,-0.04360995,-1.09255970,-0.67644989,1.48474276,1.22184312,-0.92452443,-0.01365603,-1.38130021,1.24376357,-0.73475009,0.07480740,0.57115847,0.35361806,0.03668485,1.46389508,1.30819213,0.05066897,0.51761657,-0.76259732,1.32827151,-0.05738228,0.31723940,1.04020035,-0.19923809,-0.57844228,-0.93270940,0.31340507,1.02474916,1.03718698,-1.14356208,-0.43235201,-0.07787159,0.68447816,-0.64790583,-2.10337901,0.01159464,1.14752591,-1.21532547,-1.23843336,1.73933697,-0.94427520,0.60564369,-1.56390905,-0.90866947,1.93710661,0.51340598,0.85197097,-0.41101030,-1.24840307,0.83243710,-1.78279364,-1.50907373,-0.17887986,1.06686330,1.30609131,-2.40817666,1.57699788,-0.40147546,0.51036811,0.04036414,1.28235531,0.22475755,0.97008109,-1.55863726,0.34935284
-0.01621384,1.07026148,-0.44285369,1.03901970,-0.11717902,-0.14686109,0.13579987,0.91951925,0.81379801,0.00668646,0.16496992,-1.29774666,-1.75961864,1.60041821,-1.40799963,1.69574893,0.56152534,1.81013525,0.02227193,0.71320534,-1.41966832,0.85680306,-0.30055487,0.06928738,-0.48270038,-0.93808353,0.55931419,-2.11961699,-1.09325862,0.88563246,0.39582396,-1.91022563,0.08016989,1.52197862,-0.29273173,-0.95148963,-1.91253066,-1.15470684,-1.07441211,0.84455186,0.42963779,1.73559833,-0.72103864,0.85340369,0.10384344,-1.18807209,0.87458748,-0.19756323,1.36177230,-0.55149227,1.81718028,1.16661274,-0.20808811,-0.56766409,0.66358650,0.59234130,-1.44303036,1.65582752,-1.02433074,-0.51819193,-0.37992048,-0.21321501,1.20292056,0.75955534,1.07835722,-0.45519292,1.08356774,0.29297823,-1.10367513,0.32538155,-0.59401143,0.90211350,-0.02804516,0.51130861,0.42049631,0.12140013,-0.29540426,0.61224335,-0.49137866,0.55006319,-1.22756910,0.51470977,0.15639047,-1.34396362,-1.43673253,-0.34729111,-0.06284609,-2.21601629,-0.21153638,1.69961917,0.40748858,1.33506334,0.99184465,-1.13734162,-0.95807081,0.75027966,1.97515976,-0.72781450,-1.76229501,1.25620162,1.03584707,-0.38035658,1.13115239,-1.05397153,0.85943186,-1.47458816,-1.81482887,0.37965754,0.40249074,0.04796085,-1.42541718,-0.21823497,-0.19130231,-1.51166344,0.01703379,-0.36285025,-1.14441061,-0.18779708,0.90372336,-0.30437553,1.19563615,-0.24850620,-0.40278298,1.74932492,-1.14638901,1.10617614,-0.67791682,0.01306244
-0.63813686,1.26417375,-0.31896713,-0.29362515,-0.64347243,0.25295773,-0.49720639,0.05837966,-0.34888107,-0.79406136,-0.63166511,-0.32053247,-1.48756731,1.25018430,-1.41800475,1.70736134,0.78241563,0.95305115,0.40904632,-0.69810086,-1.16485572,1.18516243,-0.51126707,-0.11484303,0.16653502,-0.77119714,0.38330370,-0.82385468,-0.31503040,1.70012510,0.92018270,-2.03064036,0.38146511,1.87224996,0.24348724,-1.73528337,-0.84412217,-1.34461915,-0.48811606,0.53668380,0.20868580,2.08895564,-0.55859387,1.31714916,-1.36672127,-1.18034983,-0.17919354,0.27140996,1.65850401,-0.16981968,1.34471202,1.06011128,-0.21747799,0.31093007,-0.53617764,1.46803331,-2.46635532,0.41967747,-1.01359761,-0.96360689,-0.38434732,1.07877672,1.02733457,0.74801391,-0.30718166,-0.65626031,1.11016285,1.07629895,-0.88696355,0.23266031,-1.24010170,1.26788986,-0.22756819,0.03620037,0.65241408,-0.11721742,-0.18576726,1.11097884,0.70449376,0.26618505,-0.02617426,-0.80528831,0.92611486,-1.12758350,-0.93323636,0.76949561,-0.51016343,-1.40064263,-0.55964428,0.94714320,0.81466168,1.16496313,0.06107670,-1.14586222,-0.71999800,0.77342486,0.67751312,-1.79438257,-0.77242583,1.33721995,-0.18253057,-1.15381479,2.09076786,-1.00489998,1.25609934,-1.75768375,-1.45714331,1.39536226,0.44419521,0.66052771,-1.04320562,-0.89005697,0.72274154,-1.75519848,-1.15276480,-0.02922843,-0.11375003,0.86651731,-0.65859550,1.17039466,0.53522468,-0.03199960,0.58881110,1.95817256,-0.34302455,1.14433765,-1.62853801,0.12180349
-0.74981040,1.27996969,-0.56116951,-0.04773434,-0.27955753,0.04352662,-0.62115937,0.33777535,-0.06863660,-0.48842433,-0.70099163,-0.42557237,-1.52710176,1.51038086,-1.35667384,1.76705408,0.53260511,1.17711055,0.29189649,-0.21630338,-1.18103147,1.18956065,-0.45037326,-0.13015251,-0.05743957,-0.52157927,0.34570405,-1.12190914,-0.64722383,1.80275428,0.85897022,-1.95400727,0.24787886,1.81779742,0.34719720,-1.82910800,-0.86451924,-1.26447976,-0.79893160,0.56076121,-0.06822029,2.30194807,-0.65347874,1.39754081,-1.42773902,-1.11094725,0.28487986,0.28641963,1.78762043,-0.08419590,1.51721251,1.04096889,-0.11746160,0.19090889,-0.54038346,1.24627697,-2.03593898,0.57762891,-0.88258445,-0.91156316,-0.45693585,0.69791049,0.97316831,0.82010889,0.16229913,-0.66314018,1.35187590,1.02724874,-0.80012524,-0.03115095,-1.03079581,1.29276919,-0.26224783,0.03616462,0.56961858,-0.04233186,-0.44605049,1.21168339,0.12465840,0.02244049,-0.29153419,-0.50250721,0.83767438,-1.31175172,-1.07913256,0.70006341,-0.34728524,-1.70420730,-0.50161368,0.92745459,0.66775900,1.11075675,0.33023053,-1.20957124,-0.93032283,1.00101793,0.86599886,-1.77924776,-0.77611387,0.97494096,0.09852328,-0.81330419,2.01908207,-0.94703579,1.14612651,-1.69758475,-1.46915495,1.32891119,0.50397813,0.45617861,-1.18817639,-1.07278383,0.86317134,-1.82463932,-1.06289220,-0.20596248,-0.39043209,0.70531124,-0.54594231,0.95036948,0.64234066,0.15599631,0.33905229,2.08819079,-0.32165137,1.33764720,-1.71834540,0.10014153
-0.94555420,0.95022905,-0.28625506,-2.13324571,-0.08704450,0.62855864,-1.27308702,-0.99780858,-1.05933368,-0.98681879,-0.75035465,0.48433775,-0.58552837,0.53890854,-0.47818744,1.11608052,0.80020362,0.31522834,0.10152563,-1.57087374,-0.69458377,0.98436666,-0.56827587,-0.54212505,-0.22555903,-0.25348327,-0.13363251,0.92079216,0.20949458,1.15658116,0.92430723,-1.06039083,0.69191474,1.14285445,0.05362336,-2.20325446,0.44326815,-1.01201689,0.13784988,0.54797894,-0.16913606,1.52037168,0.02566622,0.55009526,-2.00652385,-0.28541771,-1.18670762,1.69670379,1.27343225,-0.39258751,0.37077683,0.22499281,-0.29638556,1.56085598,-0.71864820,2.08032250,-1.43818057,-0.51380926,-0.08309264,-0.80325055,-0.52288973,1.62627828,0.66612381,0.11500581,-1.56731892,-0.76176912,1.16078854,1.12962890,-0.75803399,0.50171399,-1.32088232,1.14157975,-0.89291829,-0.27234825,0.29766598,0.22768590,0.30884176,1.06723380,1.91515934,0.11577597,0.90801024,-1.11164689,1.17675781,0.42721692,-0.52857804,1.40993392,-0.06697485,-0.10746669,-1.08282566,0.60850674,1.14086616,1.01478994,-0.91224235,-0.55728269,-0.67104048,0.46059135,-0.79963320,-2.00982165,0.03868274,1.06136346,-1.43403053,-1.60566354,1.43213046,-1.00957906,0.44503501,-0.73382461,-0.75768518,1.61850381,0.10397677,1.10696304,0.65363383,-1.25767612,1.34796035,-1.65450478,-1.30837417,0.17239916,1.43143106,1.13616383,-2.38967276,1.43356752,-0.26411474,0.12091109,0.08243224,1.22791076,0.33349442,0.61905289,-1.29761696,0.22550139
1.32004118,0.32216251,-0.74727106,-1.02747977,0.04480416,0.67080355,-1.03542686,-1.49352050,0.41977105,-0.46975550,0.80937624,-1.47169399,-0.15952303,-1.04591799,-0.58963245,-0.80165845,0.44982108,-0.01801340,-1.05583262,-0.53610039,0.82711643,-0.28080618,-0.41878444,0.85203362,0.07870716,-0.62294507,-1.02492857,1.34856987,0.05285934,-0.73784071,-1.25896442,1.27755952,0.18606745,-2.19586205,-0.93124825,-0.56206614,1.59569061,0.01268405,0.94067097,0.68324220,0.86610907,-0.48536587,-0.55118805,-1.04685342,1.38856614,-0.26463825,-0.15158613,1.47577620,-1.51206911,-1.69574058,0.08452013,0.15059128,-0.50278175,1.29939079,0.29462269,0.84199417,1.81023383,0.45778486,0.12300324,1.02957845,-0.51089621,1.18966293,-0.23818547,-2.07472301,-1.00420952,0.66278636,0.76462638,-1.31313050,-1.73904860,0.93171805,-0.20476750,0.19797425,-1.35083354,0.19408862,0.45669681,0.69756341,1.08347189,0.95848435,1.54208100,1.07297015,-0.55188936,1.11207664,-1.57672048,2.38969183,0.78931171,-0.00321335,1.79740524,0.12096530,-0.17673245,1.03487885,0.44754666,0.52914447,-1.49738884,-0.18478121,-1.30277729,0.03274769,1.01461899,-0.16954754,-0.25933492,-0.69042993,-0.27454436,-0.07625576,-2.72437215,-1.27678955,-0.99344313,-0.42555550,0.18807842,-0.44017500,-1.40206194,1.42403662,2.52549696,0.81563473,0.00993993,0.08102365,1.24375165,0.13376142,0.84933549,-0.31829911,-0.30500114,-1.25171351,0.96032071,0.53833079,-1.86947930,0.10032173,-0.63908350,1.28155208,0.88662219,-0.32993409
2.08982611,0.20393869,-0.31041166,-0.82225269,-0.74481428,0.76064461,-0.82774454,-2.01162243,-0.01245204,-0.75477332,0.90490252,-1.28872406,-0.31706622,-1.42551064,-0.70667279,-0.98343688,0.84759635,-0.52579069,-0.82984316,-1.29147589,1.57065094,-0.51096785,-0.43088821,0.83676231,0.58718598,-1.05254686,-0.84955710,1.68434143,0.92030156,-1.09210598,-1.14936328,0.89197493,0.62619907,-1.93538201,-0.74537021,-0.09417225,1.48218417,-0.22512507,1.40277719,0.86302125,1.21193552,-0.73754597,-0.44200674,-0.99868381,1.38132346,-0.50064242,-0.90868479,0.95534527,-1.77390242,-1.89617455,-0.34356311,0.17751360,-0.41299489,0.98530316,0.32552186,0.36342964,0.91389978,0.25206882,0.06347831,1.00252342,-0.33634526,1.33492577,-0.47902000,-1.74781179,-1.45892620,0.60122961,-0.10195746,-1.28499269,-1.73508000,1.32410204,-0.52131104,0.06336838,-0.92198545,0.00204978,0.93100947,0.25751242,1.67201769,0.67460555,1.83527184,1.36285007,-0.09718565,0.27508879,-1.24440479,2.00480556,1.28983605,-0.11689407,1.69143534,0.33062693,-0.05266653,0.69581413,0.76649982,0.02962383,-1.65440845,-0.09393236,-0.73253369,-0.25120962,0.65401262,0.12485238,-0.20399898,-0.24716932,-0.69169945,-0.44629046,-2.09745741,-1.16300249,-0.70681548,0.05285735,0.55773377,-0.56489635,-1.50454259,1.46262896,2.48258758,0.99656361,-0.16567488,0.25750971,1.30425274,0.20227838,0.84811008,-0.18094125,-0.33970463,-0.91063517,1.07922208,0.43218848,-0.65661359,-0.28812218,-0.79304558,0.90032285,1.12340379,-0.27596816
1.45853758,-0.18722557,-0.56571287,-0.43465057,-0.07348461,0.52333760,-0.24542622,-1.39190209,0.32515827,-0.30761710,1.00972795,-0.86081570,0.14100462,-2.10637236,0.22175799,-1.35764432,0.34509525,-0.78298724,-0.56530297,-0.00767015,1.71704257,-0.44446215,-0.34118041,1.07006323,0.37871546,-0.37189606,-0.68786293,1.68950057,0.95696139,-1.34200633,-1.29144514,1.49996042,0.24127723,-2.63965845,-0.53560704,1.01446998,1.49574065,0.20009004,1.24262333,-0.17983469,1.22596633,-1.72664821,-0.37501964,-0.88935483,1.76464570,-0.05334258,-0.10869180,0.19525820,-2.46467495,-1.40881383,-0.69838762,-0.42305064,-0.34426817,0.48727974,0.38052368,-0.55700082,1.56096900,-0.07554442,0.06206017,1.28419912,-0.31455889,0.75907159,-1.00222349,-1.66399097,-0.88824052,0.84559637,-0.64811939,-1.47497845,-1.11355650,0.94865680,0.21378939,-0.45914978,-0.43481350,0.14516614,0.14524934,0.78752536,0.95289946,-0.27007237,1.18826544,0.71906173,-0.15461396,0.66293955,-1.86046720,1.71100402,1.59046245,-0.26205844,1.19937086,0.56587070,0.73548609,-0.08994866,0.00787569,-0.33244440,-1.38017917,0.27092725,-0.47803923,-0.24213341,0.57224488,0.81990975,0.27749404,-1.28758132,-0.43759832,0.76777750,-2.72058511,0.05708026,-0.94919688,0.49403313,1.14838290,-1.42536366,-1.30917788,0.93024558,2.02606678,1.73803794,-0.27875048,0.95942050,1.50450337,0.02155504,0.61787295,-0.61562049,0.27566609,-1.45820594,0.65909743,0.39892891,-0.48976013,-0.67727208,-0.15505530,0.49528384,1.59569824,-0.70204419
-0.71488541,0.82901776,-0.46995860,1.22415173,0.06830735,-0.22673869,0.75602835,1.57811642,1.00994253,0.24760552,-0.07104367,-0.66090780,-1.41559613,1.36209416,-0.68983352,1.55904150,0.37819746,1.86659312,0.40699267,1.57386959,-1.61435294,1.12692177,-0.39382663,0.08477427,-0.59144849,-0.50795865,0.61311936,-2.27729535,-1.24244618,0.92026907,0.64222354,-1.77065039,-0.01329576,1.47852850,-0.14259355,-0.28162235,-2.22441792,-1.06861377,-1.44753003,0.08708933,0.29837513,1.35810006,-0.89572304,1.01000786,0.11920585,-0.81266630,1.40899086,-0.93455642,1.20224035,0.05103581,1.64139211,0.96181118,-0.20901607,-0.75001860,0.95140994,-0.01348586,-1.67201066,1.39620745,-1.09625900,-0.64484423,-0.40196037,-0.69259238,1.37541306,1.09078562,1.40912580,-0.71847683,0.61818552,0.41508842,-0.54139191,0.11758374,-0.28140727,0.55368036,0.53106838,0.80075037,-0.01098295,0.52262592,-0.74812984,0.05675156,-1.05568445,-0.10862988,-1.37721252,0.73435152,0.16596840,-2.10173917,-1.11815393,-0.57795513,-0.68639368,-1.91338074,0.24716826,1.04287469,-0.09838960,1.11646795,1.31762064,-1.04992247,-0.39704344,0.75756365,1.67680383,-0.34568667,-1.68668497,1.05559206,1.25077248,0.29701659,1.52076256,-0.04172135,0.78787690,-1.33840549,-1.78546953,0.13405408,0.87459248,-0.51963139,-2.19809365,0.05987686,-0.47463581,-1.32023072,-0.01789207,-0.68174189,-1.16343760,-0.24973758,1.19976950,-0.38587597,0.71921480,-0.29871482,-0.05629864,1.52002227,-0.53114200,0.52278781,-0.56855410,-0.28900617
-0.24149983,0.59492803,-0.39660817,-2.11540914,-0.95948976,0.82124949,-0.78754741,-1.81665218,-1.18170571,-1.57010877,-0.68944985,0.71414971,0.20809807,-1.40013433,-0.72065145,-0.14602074,1.05590236,-0.84905553,0.50270754,-2.23636818,0.86497039,0.42201373,-0.46242121,0.30551663,1.18011093,-0.32687795,-0.37929216,2.38023210,1.50941169,0.69545478,0.12547290,-0.26842031,0.65772909,0.03625937,0.27720094,-1.00721657,1.44722450,-0.78254962,1.34629846,-0.10324399,0.78651255,-0.06649940,-0.08166882,0.42711058,-1.47020984,-0.53057802,-1.78509974,0.96252960,-0.40348691,-0.22213043,-0.47506180,-0.10754717,-0.47109511,1.50376856,-1.16724753,1.16197097,-1.41837239,-1.25033081,-0.14429720,0.08292025,-0.25739118,2.39579797,-0.48553297,-0.81893170,-2.36299682,0.02602926,0.24831411,0.40193281,-0.96610582,0.47110060,-1.09706295,0.70723671,-0.63489091,-0.29329070,0.50596690,-0.03855877,0.62956548,0.73679990,2.48082352,0.31728318,1.29173398,-1.50139451,0.22294368,1.09550071,1.26602304,1.29335618,-0.44802603,0.96492207,-0.41633046,-0.20203847,0.70493376,0.12441014,-1.96519661,-0.02821633,0.11408368,0.14789130,-1.04412198,-1.44130933,1.02993500,0.30861285,-2.04799461,-0.88820773,0.22445305,-0.12357330,0.53203040,-0.82624549,0.64985329,0.88053644,-0.65375537,1.55285025,0.81686544,0.01630168,0.92884266,-0.48314399,-0.85895443,0.26725227,1.75816000,1.47552156,-2.20671225,1.14297473,-0.42722791,0.37064025,0.79511935,0.56606495,0.73580927,0.84004402,-0.68107992,0.12654023
-0.55772978,1.24216390,-0.91290122,0.64215928,-0.08808979,-0.09653988,0.19989069,1.12949061,1.02000749,-0.03005970,-0.28995577,-0.77119225,-1.55097163,1.35130942,-1.10281003,1.48310685,0.59169275,1.99214292,0.25648013,1.27684140,-1.41145790,1.18890834,-0.74308783,0.10207991,-0.41617411,-0.55532372,0.34911308,-1.91098976,-1.50069642,1.18134212,0.39793557,-1.74431074,0.18841200,1.47020781,-0.16121365,-0.90117133,-1.45335066,-1.30781984,-1.33076227,0.34034348,0.19143601,1.92819881,-1.08407223,1.06043971,-0.32586998,-0.90980297,1.25742102,-0.30538866,1.39735436,-0.15746778,1.60617566,1.33584917,-0.17676510,0.05207881,0.50781327,0.38527015,-1.71065295,1.27056968,-1.07562709,-0.42611742,-0.63858080,-0.18938117,1.38196492,0.79964536,0.99723268,-0.83782297,1.14955509,0.50221264,-0.98163736,0.02905586,-0.67565042,0.89467567,0.12098621,0.64280331,0.46423933,0.61416316,-0.51687312,0.76904303,-0.69288445,0.01942206,-1.42573380,0.60494947,0.19402295,-1.74830973,-0.65485460,-0.36085492,-0.17344330,-2.07463527,-0.06247027,1.03658044,0.24694377,1.34433675,0.92152178,-1.24073243,-0.54229295,1.05033624,1.53685248,-0.98548675,-1.62551987,1.02595675,1.00924385,0.18675368,1.83145964,-0.59873295,0.66249371,-1.85589373,-1.84670460,0.68440622,0.61985105,-0.10830310,-1.97232962,-0.22887988,-0.19868161,-1.57648826,-0.18789892,-0.84641510,-0.93945503,0.11464842,0.49331257,-0.24209249,0.66423607,0.27296209,-0.16984445,1.83488059,-0.51279837,1.06140363,-1.00116622,-0.42254040
0.45416713,0.23198026,-0.23873058,-1.77185631,-0.22882785,1.46366084,-1.05842257,-1.59354746,-0.80882901,-1.37329125,0.21413544,-0.08214890,-0.35718885,-1.36342502,-0.20826167,0.27936727,1.57243443,-0.50194836,-0.31460568,-1.66776967,0.17089646,0.42294738,-0.53466046,1.22462416,0.28076974,-0.60654879,-0.21794967,1.89949381,1.19743013,-0.08874545,-0.17612147,-0.05639819,0.69092852,-1.39644182,-1.09662127,-1.00227380,1.24610054,-0.73302710,1.26007700,0.35313478,1.32716632,-0.48103455,-0.40629789,-0.53411227,0.03756685,-0.50446028,-1.37313747,1.36292100,-1.05650020,-1.60049486,0.05810193,-0.91211581,-0.64869720,1.69090414,-0.27274191,1.55601430,-0.20999332,-0.17423847,-0.03035494,-0.04165197,-0.77064097,2.55816674,-0.30133176,-1.51233208,-2.41859651,0.11931165,0.19006692,-0.38866261,-1.57370746,1.35560429,-1.07350457,0.05375082,-0.87116736,0.08577448,0.10089953,0.38556167,1.00801253,0.47463113,3.10123086,0.83101279,0.75226200,-0.82251751,-0.61626238,1.85847473,0.70043945,0.86736095,0.11687784,1.15725839,-0.13424367,0.65553701,0.89881128,0.64511436,-2.02117014,0.01202243,-0.86033410,-0.03595090,-0.21048774,-0.74949604,0.06321551,0.00250459,-1.40102565,-0.82062328,-1.23962080,-0.51608694,0.09634461,-0.39365733,0.32744437,0.49617305,-1.29453254,1.96696091,2.38442802,0.61256498,0.81824201,-0.16482578,0.09441661,0.36876798,2.35696292,0.66614079,-1.57582140,-0.21502186,-0.18805055,-0.20306745,0.03010371,0.46070433,0.26229563,0.78345525,-0.11818417,-0.53552514
-0.16250566,1.32841027,-1.06227410,0.08250804,-0.34663740,-0.01345602,0.57760823,0.77621400,1.12552559,-0.29318526,-0.03098782,-1.02979732,-1.79787672,0.89652109,-1.41706765,1.41521847,0.65499407,1.98588836,0.29268339,1.42734206,-1.27070832,1.00772417,-0.74781030,0.39785820,-0.21709368,-0.86843699,-0.04413509,-1.56051052,-1.36959994,0.85859042,0.07970307,-1.69418967,0.06572101,1.13895273,-0.39043236,-0.43343192,-1.36090302,-1.11247563,-1.10165405,0.28731474,0.87885708,1.77997434,-1.38264406,1.36455095,0.32325733,-1.41125703,1.13910401,-0.60581386,1.21551371,-0.59811252,1.48890305,1.43457603,-0.28671154,0.15357237,0.67071807,-0.04748217,-1.37732267,1.64478230,-0.83258116,-0.01483707,-0.68243003,0.09267106,1.26762879,0.89886248,0.64440411,-0.74444830,1.24855816,0.32484835,-1.54746544,0.15939575,-0.64295572,0.78638977,0.14921601,0.54906911,0.74291474,0.62750584,-0.28797096,0.70073843,-0.50266123,0.13881163,-1.60688031,0.67626643,-0.55477697,-1.72376931,-0.32098666,-0.17392559,0.03744697,-2.06196952,-0.07242636,1.23382580,0.04688843,1.29529238,0.81794709,-1.75349057,-0.61247104,1.09020638,2.03865600,-0.86746007,-1.68939614,0.89989203,1.04659355,0.35855386,1.35103917,-0.55662245,0.80960125,-1.78145444,-1.54017568,-0.05627019,0.15445156,-0.16402133,-1.99765253,0.32897907,-0.40142146,-1.34701407,0.19325231,-0.63420695,-1.05000854,0.18511626,1.21248496,-0.82046640,0.97868156,0.39961487,-0.16957913,1.87186885,-0.16031778,1.00077438,-0.85640091,-0.58861250
1.28355289,-0.01093175,-0.43354118,-1.33570254,-0.24136065,0.89415920,-0.84308445,-1.85881138,-0.36616850,-0.90159613,0.42841795,-0.37223727,0.26979202,-1.80384505,0.07749312,-1.01975882,0.79813898,-0.95878160,-0.57472754,-1.13180673,1.37622368,-0.32401741,-0.16005988,1.06940150,0.42990360,-0.36577699,-0.77658647,2.25616503,1.09902835,-0.92427862,-0.81343961,1.14824831,0.41067830,-2.30470133,-0.71836132,-0.01628642,1.91737592,-0.01158887,1.45378733,0.24085063,1.13202906,-1.17210913,-0.27054456,-0.95132321,0.86064315,-0.07531492,-0.88098252,0.99325222,-1.93657422,-1.49897397,-0.69872606,-0.71825385,-0.44288394,1.29385602,-0.00595248,0.43511140,1.22676206,-0.30178177,0.39818579,0.85694730,-0.42750722,1.58102942,-0.84780800,-1.85665178,-1.88298786,0.61824411,-0.24481970,-1.08176088,-1.38128042,1.00235510,-0.44493532,-0.23657918,-0.85574841,0.04590522,0.21089168,0.59291118,1.14662194,0.27841696,2.19126558,0.85684347,0.43948352,0.01951865,-1.19387352,2.25393176,1.41070545,0.29914981,1.11497772,1.19253623,0.15220037,0.18766493,0.57573718,-0.07741146,-1.89145458,0.11128446,-0.55656999,-0.31992918,-0.20969611,-0.01699744,0.32446703,-0.76459587,-1.07715964,-0.11542658,-2.31148529,-0.49080300,-0.70237809,0.29561776,1.06372583,-0.53249741,-1.45306265,1.47139895,2.67855978,1.00015724,0.15530832,0.64437592,0.83098298,0.29602864,1.57004690,0.19540553,-0.90033811,-0.73073363,0.16812032,0.30806562,-0.57141155,-0.51925999,0.13983530,0.53520507,0.87443775,-0.35287666
0.14217737,0.87687927,-1.05654323,0.41157410,0.15193804,0.49614593,0.71307957,0.99840903,1.36607909,-0.00255396,0.79154146,-1.32102251,-1.44502652,0.31658050,-0.78123510,1.11587882,1.12333894,2.11639833,-0.13522077,1.83101547,-1.27281713,1.02403772,-0.89253980,0.94178689,-0.80362755,-0.84134001,0.35169467,-1.73653519,-1.33177078,0.10581987,-0.27603725,-1.23801112,0.34775609,0.09785046,-1.15052319,-0.08755454,-1.87477851,-0.96736521,-0.99743050,0.13881116,1.11910391,0.51507699,-1.43600464,0.30351186,1.50202298,-0.87040043,1.35974205,-0.52138788,0.13011779,-0.99804413,1.56877935,0.71306682,-0.65648025,0.22749832,1.65976024,-0.21871920,-0.66181242,1.95166206,-1.02888441,0.14145958,-0.89814752,0.07392561,1.26481569,0.21078162,0.55762666,-0.52731675,0.80420768,-0.40628293,-1.65587378,0.72638673,-0.35330087,0.23858619,0.09924944,1.37327933,-0.00789550,1.34037054,-0.13070959,0.08982733,-0.04566870,0.44982621,-2.05047297,1.49832380,-1.29913962,-1.02239442,-0.15842076,-0.82970172,0.06806774,-1.41428947,0.44977087,1.64274609,-0.20321356,1.40686703,0.46297273,-0.93854481,-0.87724322,0.89960152,2.27459192,0.08292072,-2.07210469,0.67698747,1.15183091,0.73568064,-0.11344101,-0.11778293,0.20295036,-1.48171079,-1.64305699,-0.51914555,-0.11520714,0.11827603,-1.08300853,1.31144893,-0.95196849,-0.97463268,0.94615400,-0.83371073,-0.39914200,-0.43293425,1.41018891,-1.93860602,0.78276092,-0.06019109,-0.91967010,1.34182537,-0.38132250,0.93056339,0.05903244,-0.91591722
1.09708738,-0.14217906,-0.57467312,-1.66600645,-0.15793061,1.02341163,-1.08796299,-1.94422328,-0.16496611,-0.85993022,0.56308395,-0.40466246,0.26247019,-1.67026699,0.05255853,-0.87240958,0.90015620,-0.65775108,-0.49582434,-1.20215344,1.24069524,-0.11441841,-0.57777655,0.75875628,0.38070062,-0.36518985,-0.79247010,2.33803582,1.05039394,-0.89626771,-0.99844527,1.22680259,0.44643688,-2.25145602,-0.66656595,0.06152637,2.19298339,-0.05800218,1.43020248,-0.00478393,1.00864422,-1.04267418,-0.34490472,-0.82420087,0.79540533,-0.08023145,-1.12241733,1.29727983,-1.87568951,-1.38991249,-0.60871577,-0.40671054,-0.49045718,1.49176335,-0.02546434,0.50078267,1.15331495,-0.43232650,0.28961343,0.84442091,-0.46693796,1.59217989,-0.55413252,-1.81411278,-1.90883982,0.38494369,-0.05884122,-0.96783048,-1.33705425,1.14796174,-0.28560135,-0.04773895,-1.04760027,-0.02372370,0.41423982,0.71612680,1.04459643,0.42923665,2.19457150,0.69191015,0.33071986,-0.05826645,-1.16257226,2.19127178,1.32989645,0.33058521,1.27921665,0.92453390,-0.07610146,0.08183768,0.43742231,-0.01378516,-1.95147336,0.23206587,-0.45130515,-0.10324860,-0.11620807,-0.16253939,0.44859388,-0.85070515,-1.19545150,-0.27176261,-2.18750000,-0.38186890,-0.79933876,0.22796321,0.92994726,-0.43370169,-1.49396825,1.45439696,2.57209134,0.84713197,0.43903002,0.22480199,1.04631925,0.11346163,1.66214991,0.11612503,-1.02522862,-0.75262576,0.24113111,0.51528347,-0.63834971,-0.32409152,0.15216023,0.72971070,0.89239401,-0.62004149
1.79016435,-0.21588843,-0.43755943,-0.54655206,-0.31813887,0.46537346,-0.26103583,-1.47414684,0.26539153,-0.28892156,1.03944921,-0.94881213,0.19258335,-1.98059618,0.01660869,-1.48809755,0.29323182,-0.82545412,-0.70597470,-0.29631695,1.81246293,-0.74698377,-0.24460730,0.95734423,0.45336160,-0.45730948,-0.82426459,1.70652711,0.79808915,-1.43024886,-1.36398709,1.57478988,0.25917038,-2.47759700,-0.63406974,0.93682444,1.51164782,0.33790097,1.35199392,0.12160660,1.14066613,-1.58525741,-0.26570109,-1.03034472,1.81272173,-0.11223042,-0.30656594,0.21259257,-2.20673680,-1.45227337,-0.79546714,-0.28124174,-0.24398218,0.53778577,0.39297146,-0.55958569,1.61608362,0.06411313,0.34664938,1.35335410,-0.21076238,0.67907733,-0.95485884,-1.54679525,-1.03134227,0.80487698,-0.57210732,-1.51966321,-1.10419142,0.82082123,0.12526104,-0.48282516,-0.46098849,0.06873852,0.37786284,0.46117833,1.25387776,-0.08203205,1.05234468,0.83974463,-0.11804421,0.62591153,-1.79006076,1.82938981,1.59693992,-0.36432955,1.34468913,0.72854120,0.53206831,-0.01995537,0.07990211,-0.44033888,-1.33648431,0.17574258,-0.37268502,-0.37193763,0.50348043,0.91670626,0.23761603,-1.02845526,-0.35495573,0.57153225,-2.63024998,-0.24593833,-0.93653476,0.60200644,1.14626980,-1.34358907,-1.39341331,0.91329020,2.07328081,1.60855389,-0.42880294,1.06833136,1.55786574,0.09299739,0.47678274,-0.48390558,0.37471750,-1.44033504,0.64028364,0.45165023,-0.53060943,-0.84544826,-0.21943690,0.37753454,1.48563015,-0.51233971
-0.62289590,0.80824584,-0.46481350,1.19351578,0.09211464,-0.30709907,0.65091634,1.55530894,0.91877079,0.22100385,-0.16091491,-0.61296535,-1.49370968,1.54702318,-0.73021460,1.57483637,0.31759325,1.83625770,0.30775198,1.50651646,-1.72009587,1.01114368,-0.31397820,0.11564580,-0.58513409,-0.46994421,0.62505233,-2.29960203,-1.42545080,0.96057254,0.67566442,-1.82484186,-0.06364767,1.53705335,-0.20456576,-0.43681505,-2.14582491,-0.95871788,-1.50861323,0.26709622,0.22431938,1.59356022,-0.82776850,1.02271998,0.01896058,-0.85235983,1.41903305,-0.84843540,1.46662867,-0.01163984,1.64017940,0.97196072,-0.06180304,-0.69885904,0.82500088,0.04693507,-1.46821272,1.48349714,-0.90673089,-0.69933277,-0.35396740,-0.70328623,1.30866492,1.20236683,1.33391762,-0.74359494,0.69434088,0.44808549,-0.51362777,-0.03318946,-0.32359949,0.51925302,0.48970726,0.69177544,0.03431338,0.32996532,-0.72474200,0.15025428,-1.06387949,-0.12132260,-1.34479380,0.61563379,0.18826728,-2.12011480,-1.23662901,-0.47627038,-0.58718544,-1.84490728,0.12088008,1.11075962,-0.00282718,1.14804089,1.38021338,-1.16809273,-0.46904376,0.74930656,1.61798990,-0.44578460,-1.68847692,1.03978336,1.30711770,0.21554132,1.69441712,-0.18667801,0.82909381,-1.30333149,-1.77380836,0.25469723,0.80103290,-0.54791403,-2.07423306,-0.11704793,-0.38219336,-1.22293103,-0.13623400,-0.59530836,-1.21039188,-0.13685784,1.14160144,-0.31875235,0.64623648,-0.26838616,-0.02854256,1.49572062,-0.46256211,0.45544499,-0.73958546,-0.23100892
-1.03689182,0.87915856,-0.13732886,-0.97714067,-0.65155727,0.76114535,-0.54308802,-0.33642051,-0.86030245,-1.14805436,-1.07045460,0.53706193,-1.06432068,0.43537092,-0.85824114,1.43505490,1.30503595,0.34883276,0.40523529,-1.35204709,-1.10286140,1.27896833,-0.41727969,0.29823175,0.54192036,-0.55989528,0.14782701,0.30808821,0.49192598,1.57294440,1.19524121,-1.73256528,0.62287557,1.17023396,-0.25476834,-1.77580988,-0.39162704,-1.66901970,0.04206564,0.39936289,0.74583322,1.32801867,-0.49122512,0.89617807,-1.86002541,-0.91635710,-0.66039544,0.54604971,0.97892535,-0.33655393,0.81948400,0.06697783,-0.40001634,0.94196391,-0.47853023,1.80005670,-2.64629650,0.06939013,-0.88603771,-0.92374212,-0.54635692,1.86964154,0.71231645,0.04939169,-1.28403211,-0.53874975,0.73919225,1.10786045,-1.05406046,0.62986612,-1.52469206,0.86473799,-0.25878415,0.20788851,0.30919477,-0.11418031,-0.02764800,0.89002615,1.94660807,0.06589333,0.63159955,-1.10164630,0.98552084,-0.44367826,-0.31622270,1.23337781,-1.34344828,-0.25969973,-0.41451356,0.71301138,1.12269855,1.12828159,-1.05251265,-0.72272974,-0.32815978,0.42116404,-0.13424408,-1.89509571,-0.44296318,1.34137237,-0.88899058,-1.09033012,1.69867802,-0.50216341,1.39312208,-1.57609522,-0.99770576,1.82307291,0.20155823,1.03034139,-0.05593861,-0.66786081,0.86930728,-1.56502354,-1.35750723,0.21075675,1.39463782,1.23672795,-1.74167466,1.44078755,-0.33308050,-0.42650178,0.75273007,1.67760611,0.29483399,0.76891291,-1.46676099,-0.06621818
1.16260624,0.11514762,-0.71827978,-1.59302676,-0.72071314,0.91900706,-0.31221390,-1.83753264,-0.03657265,-1.12751698,0.31299606,-0.33673376,0.46857259,-2.25949407,-0.27786249,-1.12902415,1.04107106,-0.86625552,-0.01548601,-0.96220559,1.72673297,-0.31675142,-0.33910272,1.15130424,0.74799281,-0.47743329,-1.03990901,2.45186615,1.15705347,-0.80069137,-1.02598381,0.96178567,0.31596455,-2.12268639,-0.47376534,0.64675087,1.97252285,-0.00552631,1.59685338,-0.17559758,1.48233342,-1.24288797,-0.64587390,-0.45530787,0.77641112,-0.42538446,-0.94185251,0.46224687,-2.03167295,-1.07558763,-0.90154099,-0.28352872,-0.55844533,1.36511743,-0.15173565,-0.18449284,0.76332289,-0.33204234,0.38450524,1.19798648,-0.36890295,1.70924568,-0.77854306,-1.57785273,-1.94358301,0.43789372,-0.24440323,-1.02524507,-1.80933642,0.81531566,-0.45974720,-0.12062667,-0.67758918,0.19032036,0.62813157,0.71251827,1.10522521,0.22640175,1.91379607,0.67635286,0.20203957,-0.04306447,-1.38226950,1.91372931,2.04966784,0.25158063,0.99096072,1.21523511,0.15111290,-0.12471823,0.19799067,-0.28003684,-1.90141416,-0.02759835,0.11207340,-0.15118496,-0.14387320,-0.03953991,0.39580357,-0.65428776,-1.15405905,0.14178897,-2.09232926,-0.12093224,-0.42680976,-0.10178398,1.30796659,-0.85943186,-1.60691679,1.36135447,1.57831097,1.42140603,-0.16245958,0.59614688,0.95788044,-0.03356116,1.35497439,0.35548446,-0.53671879,-0.94531178,0.11903645,0.70381486,-0.15627275,-0.40492991,0.53795922,0.66845381,0.73725343,-0.46212834
0.53266340,0.55532807,-1.20916927,-0.81018728,1.05747581,1.13097739,-0.82077020,-0.30228817,0.76635683,-0.76513284,0.75859177,-1.13763058,-0.98725021,-0.74523658,0.42124736,0.66383398,1.63378489,0.94507784,-0.62479001,1.08954918,-0.59620237,0.93127131,-0.95995808,1.84734058,-1.33197868,-0.50227350,0.18279012,0.08587811,-0.77686369,-0.66336423,-0.57506526,-0.23371150,0.48227119,-1.96245968,-1.80682242,-0.29997230,0.13846238,-0.60061890,-0.17079000,-0.04241774,1.22054803,-0.38074681,-1.26926458,-0.75691038,1.61188173,-0.16066474,0.64695066,0.87301087,-0.95645219,-1.88551795,1.07040119,-0.13526075,-0.87100691,1.31293488,1.29344738,0.42938954,1.14683735,1.15544808,-0.35523266,0.28875372,-1.15921640,1.06730878,0.65243000,-1.21684110,-1.16912138,-0.36185062,0.30770794,-1.13616276,-2.33546782,1.48273981,-0.50058818,-0.30347410,-0.93301046,1.14949918,-0.66593122,2.14857292,0.57807118,0.13734540,1.88688552,0.70864540,-1.12314570,1.09235489,-1.72450531,0.95050591,0.14969225,-0.41823745,1.31153727,0.39477757,0.48237059,1.55317581,0.62121063,1.22297454,-0.69731873,-0.50001913,-1.28593588,0.39862537,1.14333105,0.03166866,-1.65731013,-0.52305609,0.10757787,0.27603692,-1.54105508,-0.29248065,-0.88007617,-0.36121297,-0.68596190,-0.58251148,-1.13868344,1.19121385,1.69398892,1.34203744,-0.10116696,-0.21582447,1.47257578,-0.59497029,1.33750844,-0.25039315,-0.06003154,-2.15193653,0.32858440,0.11054896,-1.32501018,0.57919145,0.23948145,0.90420943,0.80882311,-1.60679471
0.80892295,0.47960636,-0.57853812,0.94167238,-0.09513661,0.42228043,0.37943682,0.37762076,1.51348054,0.24636340,0.76843780,-1.82892644,-1.83771241,0.46343505,-0.68087125,0.86831683,0.81466806,1.61092758,-0.77169138,1.34221315,-0.99533105,0.64654607,-0.66020769,1.05768192,-0.42288309,-1.18626451,-0.13132361,-1.24130976,-0.79592764,-0.19123445,-0.43658179,-0.69523591,0.16685900,-1.08322823,-1.46567512,-0.21872105,-1.16432250,-1.22597837,-0.59750760,0.84998882,1.35076582,0.61540055,-1.30015790,-0.20843525,1.79338348,-1.29023695,1.43088698,-0.10608926,-0.48281544,-1.65204597,1.74088514,0.64713055,-0.45589089,-0.16189317,1.58563042,0.21948461,-0.17833380,2.20102859,-0.70871854,0.06439879,-0.79390609,0.13585560,1.03446829,-0.47049639,0.72426778,-0.31390321,0.59023237,-0.99045914,-1.69739211,1.41250813,-0.43541476,0.12170500,-0.11463737,1.01994824,0.53836590,0.59906882,0.40911555,0.26219276,0.22706868,0.77975047,-1.96973896,1.59857595,-1.18004072,-0.52298027,-0.32642120,-0.66152471,0.39644849,-1.34158838,0.35584021,1.64656746,0.21378590,1.17026794,0.02246915,-0.97949630,-1.15289104,0.47472724,2.56927252,0.21346979,-2.10618186,0.52412295,1.39701438,0.52419120,-0.61996776,-0.63862270,0.00375879,-1.00615835,-1.55435514,-0.36378136,-0.52208084,0.38584977,0.24072269,1.06716442,-0.63614231,-0.93900728,1.48214936,-0.58188421,-0.31053331,-0.90488017,1.50966775,-1.75911880,1.33710957,-0.37247643,-1.15369856,1.28390074,-1.13613498,0.95647931,0.76788175,-1.07119298
-1.28044224,1.00154102,-0.44528282,0.16100460,-0.43479139,0.01885515,0.52950352,0.99904644,0.09616178,-0.52929884,-0.64634383,-0.24002118,-1.16089010,1.19511843,-1.22544873,1.86317885,0.65091634,1.21019793,1.05612946,0.42952022,-1.47848058,1.31409979,-0.18339410,-0.12309176,-0.12692869,-0.46655238,0.56343454,-1.41536331,-0.51533967,1.70474875,1.14404058,-2.42176223,-0.20659514,2.18624282,0.55965090,-0.56820917,-1.79042697,-1.11080801,-0.90798962,-0.11472212,0.46757653,1.52726996,-0.86046910,1.86430717,-1.06530476,-1.31192756,0.53368229,-0.79581946,1.54233575,0.58539927,1.38614011,0.94383651,-0.34088314,-0.51822448,-0.13884446,0.35881728,-2.55118370,0.81146312,-0.99181056,-0.77901489,-0.23844481,0.34215674,1.13891220,1.39654183,0.39926460,-0.69424403,0.83273321,1.09636486,-0.78921789,-0.11386108,-0.74207103,1.03089213,0.42289239,0.44715223,0.20021775,0.17383032,-0.84914428,0.21277793,-0.16631988,-0.23825447,-0.52293336,-0.33072373,0.74982131,-1.88057160,-1.14209092,0.36089349,-1.24823129,-1.46614385,-0.07187621,0.88249886,-0.00038093,0.96511358,0.81715834,-1.19223797,-0.06991944,0.86166328,0.96586484,-1.22794056,-1.11340880,1.23863435,0.39516836,-0.42027020,1.90096247,0.00303805,1.70203757,-1.64192128,-1.37072349,0.60458541,0.79670805,-0.13844852,-2.46000576,-0.38569829,0.10724942,-1.67016554,-0.97532654,-0.29198679,-0.55434626,0.64415973,0.30080089,0.65088272,0.38059679,-0.33990359,0.61478359,1.94169152,0.17994390,0.79317307,-1.32351232,0.19953285
-0.82851934,1.17815125,-0.54677057,-1.54864728,-0.31326982,0.25085437,-1.15599656,-0.74556834,-0.90814805,-0.79631871,-0.98257190,0.60856867,-0.55916560,0.68508530,-0.85855722,0.81089371,0.63620651,0.50414127,0.23204686,-1.34283650,-0.28836489,0.76447284,-0.75293571,-0.76430923,0.19152986,-0.19889158,-0.24386735,0.52447337,-0.01024234,1.47820342,0.64921325,-1.01813245,0.82295024,1.53757310,0.36477411,-2.20511484,0.51855761,-1.14303613,0.02599824,0.54992551,-0.58121246,1.91048574,-0.05064832,0.65037364,-2.27759314,-0.27984145,-0.96383846,1.41237497,1.57246470,0.09131234,0.27161032,0.81130981,-0.01056191,1.46064854,-0.84602910,1.75971663,-1.88769650,-0.64479166,-0.30775315,-0.68337500,-0.41140297,1.27140737,0.52683932,0.15945214,-1.08062291,-0.71244788,1.33229375,1.29478240,-0.44339317,-0.10868715,-1.27802348,1.26602709,-0.76250029,-0.23802273,0.61406195,-0.02744897,0.15958634,1.52620554,1.05281079,-0.09142328,0.75926852,-1.04256690,1.30699253,-0.08481633,-0.03740807,1.13663805,-0.08189923,-0.63075721,-0.89874589,0.20466127,1.08274949,0.93652868,-0.85492063,-0.46566296,-0.50239980,0.71269184,-0.65011036,-2.02527261,0.35461208,0.92984164,-1.20238924,-1.25039673,2.07841516,-1.05248797,0.57354128,-1.30712152,-0.84553671,1.92352808,0.37965736,0.90510833,-0.35901099,-1.36989915,1.24030614,-1.63454032,-1.52782965,-0.27750647,0.82194418,1.26626301,-2.30713129,1.61278665,-0.40587333,0.62919706,0.43978891,1.41100121,0.03862015,0.97799969,-1.67050409,0.26111370
0.64896101,0.79434788,-0.63882661,-2.42087054,-0.12498417,0.94800866,-1.44982076,-2.12471390,-0.55388534,-0.92558056,0.38825914,-0.77244270,-0.55835539,-0.43929738,-0.86213875,0.17647052,0.60335118,0.10647298,-0.93873930,-1.65735555,0.43740618,0.24952552,-0.51028872,0.02058991,-0.05552875,-0.81407386,-0.99689734,1.75001299,0.54326004,0.09652890,-0.55950427,0.11232187,0.59794468,-0.76068664,-0.47143757,-1.87764311,1.27860510,-0.59307009,0.99502605,1.02964842,0.49807435,0.64269525,-0.20291322,-0.34094900,-0.19113025,-0.36736006,-1.08761930,2.25721002,-0.26862058,-1.47301662,0.27667022,0.21480428,-0.67288697,1.67425752,-0.23310342,1.61140788,0.53485817,-0.13017732,0.21295837,0.40432191,-0.78806663,1.81139314,-0.10292955,-1.21847928,-1.81101084,0.14875063,1.38731825,-0.07833420,-1.58925891,1.12576473,-0.98878455,0.68636060,-1.35948992,-0.35616356,0.82003593,0.54596418,1.03319776,1.25860655,2.22575235,0.95460999,0.43846324,-0.01827958,-0.34668911,2.05030823,0.36434701,1.11847198,1.52092957,-0.25289077,-0.94459254,1.20959651,1.07463181,0.83730161,-1.86792159,-0.50321722,-1.55115259,0.41202417,-0.13829213,-1.24579930,0.07742881,0.26176006,-1.13888562,-1.10261381,-0.75697285,-1.59573090,-0.51913106,-0.35281664,-0.14780290,0.43463272,-1.05368114,1.54099703,2.28778553,-0.18485484,0.90553272,-1.07540619,0.09485994,0.29844087,1.48076558,0.32064128,-1.73072839,0.15427355,0.76067168,0.50243080,-1.26778316,0.78665453,-0.26982823,1.27711618,0.20084782,-0.11088101
1.54302871,-0.40866014,-0.12615472,-0.86639398,-0.25585914,0.58292133,-0.67874128,-1.79844415,-0.16810425,-0.37386355,0.80269688,-0.59501523,0.47001004,-1.79697227,0.22268029,-1.45588303,0.27653667,-1.17174459,-0.72827286,-0.97863770,1.79801655,-0.72076064,-0.10294446,0.67904103,0.52154911,-0.32556477,-0.78438902,2.13764787,1.21342635,-1.29782915,-1.14699340,1.64232266,0.26803428,-2.43039560,-0.42152864,0.50813353,1.88212395,0.41766620,1.49513066,0.13429369,0.83287460,-1.51589680,0.04311075,-1.14298093,1.24722314,0.10520214,-0.85033697,0.76649708,-2.15775919,-1.25869679,-0.93500656,-0.52739966,-0.20650955,0.65172285,0.00772705,-0.08896068,1.60862553,-0.41560838,0.45704204,1.08565605,-0.09987924,0.91174567,-1.06217337,-1.70384479,-1.34113050,0.79415506,-0.59422106,-1.25420356,-0.75929195,0.92591202,0.06692667,-0.39750758,-0.71233922,-0.17554314,0.29550374,0.28865618,1.19390488,-0.00532369,1.46716201,0.77479970,0.43336040,0.20264065,-1.30546582,2.15383506,1.36598301,0.00331072,1.24951816,1.05264294,0.23101094,-0.13963920,0.23552860,-0.58819485,-1.60028279,0.52251005,-0.37821221,-0.49498534,-0.11210895,0.59802437,0.66780949,-1.07987344,-0.82535046,0.02902925,-2.50181079,-0.27245951,-0.97907388,0.87919807,1.31321621,-0.88049793,-1.38024819,1.03992081,2.60737276,1.05646479,0.04623932,0.90462255,1.21950269,0.34250525,0.99101233,-0.35008273,-0.36557442,-0.80812854,0.42615113,0.33263081,-0.52010709,-0.94435865,-0.15743884,0.32661167,1.39366472,-0.32628784
0.41971689,0.50175011,-0.79539520,1.24580336,0.09834602,-0.08553771,1.20908809,1.23206496,1.77176404,0.47175306,0.90317214,-1.37411892,-1.03752744,-0.09039821,-0.38889042,0.34363404,0.42998981,1.65308106,-0.03374589,2.33975172,-0.52635521,0.44806492,-0.64121360,0.79164261,-0.52633369,-0.59119147,0.14830488,-1.77763903,-1.30246580,-0.51478553,-0.62646121,-0.47360474,0.00146066,-0.29070291,-0.82996488,1.07465148,-1.64685345,-0.50347328,-0.86035061,-0.04302275,1.04714382,-0.08126136,-1.21901107,0.12680852,2.06256294,-0.67783993,1.74265087,-1.23211014,-0.31896535,-0.63374966,0.98376209,0.81990850,-0.33610761,-0.38113213,1.72423577,-1.08795762,-0.23872788,1.73482752,-0.82073814,0.50011122,-0.55780697,-0.85626012,0.89038217,0.20399202,1.21553540,-0.21024115,0.07489219,-0.89313006,-1.07590473,0.37439793,0.14229991,-0.09569266,0.43394551,1.11787426,0.02889667,1.01101732,-0.04892206,-0.44324127,-0.98515934,0.30580294,-2.05478048,1.78974295,-1.46829510,-1.10293829,0.17058808,-1.44223666,0.25086555,-1.32635868,0.85021156,0.95306015,-0.57635343,0.80346626,1.01704025,-0.74090254,-0.30524847,0.42807892,2.23565173,0.87574130,-1.78454447,0.30034217,1.65089881,1.24644387,-0.56007868,0.15961517,-0.15688525,-0.91434282,-1.09494078,-1.16771436,0.02323485,-0.36753699,-1.33131289,1.56314194,-1.32184064,-0.20732272,1.39645338,-0.84202486,-1.25319850,-0.93233955,2.25020885,-2.16136336,0.98247057,0.07109112,-0.62926066,0.56952131,-0.74419606,0.46401405,0.67416966,-0.77822858
-1.02948964,1.11594081,-0.49461818,0.56293708,-0.06832422,-0.07456515,0.17119284,1.00236642,0.28566256,-0.33965090,-0.62021482,-0.26450595,-1.51043439,1.50425935,-1.04674053,1.86602521,0.58958405,1.47880757,0.65005761,0.57224494,-1.61163712,1.31945014,-0.28039983,-0.04264507,-0.31991985,-0.49866930,0.63410938,-1.73269176,-0.79815042,1.55483460,1.08458853,-2.23747468,0.02839153,1.92813611,0.20947194,-1.06197119,-1.75335753,-1.35884082,-1.19815838,0.23061079,0.30959079,1.78715205,-0.72517711,1.48246515,-0.91384369,-1.05565476,0.75180244,-0.40685296,1.55344629,0.12613684,1.64786303,0.92082679,-0.22806862,-0.40402126,0.12322247,0.68936449,-2.22589922,0.96503747,-1.09119356,-0.97813100,-0.44361791,0.14536031,1.19861746,1.04200518,0.71004301,-0.73298597,0.95836651,0.88663971,-0.70180815,0.08831204,-0.72554576,0.98328686,0.27969527,0.41548726,0.17008029,0.26465291,-0.79291636,0.49666461,-0.19731364,-0.09798689,-0.72385806,-0.13879344,0.70657337,-1.85910857,-1.30448198,0.19227058,-0.94591093,-1.78780901,-0.06114059,1.02021074,0.35064289,1.22057891,0.81932783,-1.23535001,-0.50709832,0.87610650,1.22115231,-1.18158591,-1.29382122,1.18430281,0.50004637,-0.35204780,2.00972652,-0.30440980,1.28109360,-1.55807638,-1.64466250,0.82722956,0.88316965,-0.06938929,-1.97093987,-0.51201832,0.22387129,-1.70251811,-0.80872732,-0.43450874,-0.60539800,0.42117169,0.18001385,0.50661540,0.54322356,-0.28489879,0.34223416,1.98256576,-0.22785462,0.79561019,-1.25674808,0.00801806
-0.88285249,1.17647195,-0.25387681,-0.78642100,-0.68967658,0.23855782,-0.60333413,-0.19159803,-0.64289111,-0.84245330,-0.77151769,0.01678874,-1.09498036,1.08259344,-1.35001826,1.51846969,0.62397707,0.69485748,0.45995545,-1.10902238,-0.91242510,1.05683577,-0.45568269,-0.36061037,0.25017464,-0.52104539,0.18325999,-0.34842610,-0.06301067,1.75423026,0.98788744,-1.83840275,0.43174601,1.99366069,0.44786912,-1.92755127,-0.53889382,-1.22811329,-0.31178334,0.52572197,-0.05588988,2.01215959,-0.31833026,1.28716218,-1.83953142,-0.99557638,-0.55300754,0.52201748,1.66387117,0.16056260,0.99068773,0.89189172,-0.24896547,0.50669461,-0.80786026,1.51854467,-2.45824289,0.04498851,-0.78397554,-0.87552822,-0.30806547,1.16999114,0.84611005,0.74813139,-0.56197292,-0.58203304,1.19215882,1.30865991,-0.67752713,0.04134039,-1.22081590,1.33666122,-0.29851383,-0.21256961,0.67921394,-0.32244125,-0.16802220,1.16790509,0.83233595,0.13490924,0.39763770,-1.05310047,1.17700219,-0.85665631,-0.76281929,1.06076860,-0.59636801,-1.15209806,-0.71428490,0.70770526,0.87614149,1.04999280,-0.23096034,-0.90183669,-0.53422225,0.67016178,0.16162699,-1.93635309,-0.34849149,1.35279906,-0.49104652,-1.30508637,2.11041093,-0.95333815,1.21201921,-1.63795531,-1.23081148,1.59130406,0.51196182,0.63598698,-0.88659620,-1.13198876,0.89961779,-1.80666006,-1.43456316,0.12345567,0.20582712,0.99305177,-1.14471436,1.54897439,0.31629351,0.06705581,0.62316293,1.80068481,-0.15871219,1.13650596,-1.73131919,0.35386670
-0.85352075,1.24948764,-0.44218019,-0.46898574,-0.21233261,0.36225772,-0.60829252,0.12842311,-0.24731486,-0.65334934,-0.63172001,-0.10468001,-1.54479074,1.33773816,-1.18777668,1.93019485,0.73728877,1.20770812,0.12864023,-0.40138689,-1.46527696,1.40049660,-0.53505307,-0.00926601,-0.17380416,-0.54215282,0.41306528,-0.94877189,-0.59646332,1.71530509,0.91705245,-2.02321386,0.44940898,1.68359327,0.03236902,-2.02437711,-1.04101038,-1.42620659,-0.77370429,0.51788199,0.03711988,2.04329062,-0.60162914,1.21686256,-1.34592152,-0.97976470,0.09454273,0.51906371,1.61984921,-0.22428107,1.55352843,0.69845027,-0.36489248,0.48899952,-0.21233834,1.54586685,-2.12248635,0.57883710,-1.02349937,-1.00572205,-0.66594118,0.97088116,1.11009455,0.66431826,-0.25939369,-0.70603901,1.29435992,1.11885846,-0.81466204,0.31939664,-1.12920356,1.10712123,-0.26174876,0.15115370,0.38108209,0.15749614,-0.33919114,1.06628680,0.68435723,0.00696292,-0.19891593,-0.47716317,0.78242916,-1.05782866,-0.91714501,0.83065337,-0.61650270,-1.39924324,-0.50971955,1.09967625,0.70206761,1.27706075,0.02638832,-1.14495969,-0.97876412,0.97775942,0.70230269,-1.76131499,-0.83748573,1.19034159,-0.12889175,-0.79535210,2.04173470,-0.78367651,1.15930092,-1.63374758,-1.65216935,1.41137755,0.50639576,0.54953492,-0.85406262,-0.91949290,0.77794933,-1.92930579,-1.05406773,-0.19155675,0.18623994,0.80536336,-0.85617810,0.87267411,0.44818202,-0.13233683,0.20796610,2.18349433,-0.12050393,1.19193971,-1.48299122,-0.09903245
-1.08637345,1.29189742,-0.76749754,-0.17178874,-0.01561611,0.28480297,-0.23014951,0.45535329,0.12734000,-0.82988250,-0.65010369,-0.32076213,-1.53145707,1.27179158,-0.95097965,2.14243579,1.10920155,1.53828168,0.67324901,0.14112949,-1.74189389,1.61114919,-0.38962656,0.06591655,-0.35005933,-0.67783231,0.52402592,-0.98751789,-0.43325922,1.57702124,1.11031187,-2.36831975,0.17968312,1.41083455,0.12181152,-1.23607349,-1.00335264,-1.57577455,-0.85813487,0.14282602,0.56314313,1.88456535,-0.95836276,1.43280828,-1.11937535,-1.14336741,0.28062034,0.17747010,1.27218652,-0.42917109,1.61554730,0.77170449,-0.49273613,0.26886863,-0.01519669,1.20627463,-2.13641310,0.68257207,-1.03042853,-1.10000896,-0.59090787,0.84600550,1.37391174,0.73978907,0.02438007,-0.84026092,1.05419767,0.88145423,-1.13506615,0.52094483,-1.11738718,1.17556977,-0.05353944,0.47214305,0.25449866,0.68624014,-0.64445484,0.66680753,0.68740392,0.05899656,-0.47855562,-0.41960672,0.75317454,-1.31478524,-1.28534019,0.62520719,-0.59019661,-1.54022026,-0.32943416,1.11160207,0.52870393,1.34362710,0.29137236,-1.31334436,-0.73577321,1.15470493,1.00542951,-1.74314380,-1.24931049,1.08035314,-0.07699471,-0.78612804,1.57696259,-0.39277449,1.35387504,-1.72468555,-1.48373175,0.75878274,0.40713382,0.49422848,-1.17583609,-0.54735368,0.64391333,-2.02013946,-0.78815210,-0.43214989,0.04600498,0.68177301,-0.56339824,0.59003025,0.45121548,-0.18304810,0.23596580,2.17656207,-0.02248207,0.99373347,-1.29198384,-0.16351612
-1.18652499,1.02019870,-0.49209717,-0.76084971,-0.44229373,0.57626182,-0.24434942,0.09671684,-0.48482588,-0.92637259,-0.65148693,0.16428441,-1.20565999,0.88287103,-1.28371072,1.77010179,1.30241680,1.17688584,0.71523774,-0.75207764,-1.33403909,1.44838095,-0.66291082,-0.16273727,0.04597531,-0.77872133,0.49897903,-0.49912402,0.09182034,1.67991209,1.07268691,-2.08362913,0.48666626,1.88729846,0.09183045,-1.45738280,-1.07663655,-1.61952496,-0.38918710,0.12976369,0.63439268,1.52369428,-0.68094116,1.34704411,-1.42697835,-1.04710746,-0.53644586,0.33853409,1.40716684,0.06673816,1.32754779,0.68062449,-0.53138977,0.50878805,-0.15205163,1.42935061,-2.70720601,0.31239346,-1.09337509,-1.01124954,-0.57896674,1.37387395,1.10182714,0.49491945,-0.69485712,-0.82076049,1.07963121,1.02357578,-0.93857592,0.48378533,-1.22845447,1.11333382,-0.03074307,0.42829144,0.32213420,0.22985646,-0.32519951,0.77744007,1.14170134,0.00754011,-0.19154498,-0.80199832,0.92652285,-1.02546072,-0.61815071,0.82180935,-1.14765525,-0.98102605,-0.38754016,1.03038931,0.68776155,1.26553476,-0.42478371,-0.87387788,-0.31447595,0.84010249,0.56121987,-1.61887681,-0.67138493,1.35911143,-0.73832881,-0.88606977,1.81397581,-0.23292232,1.45390272,-1.72214353,-1.38909590,1.42459416,0.54312295,0.58957392,-1.36349154,-0.50935018,0.56066525,-2.02555966,-1.09701777,-0.32319275,0.66925997,1.04084563,-1.06546593,1.03814375,-0.02506664,-0.34766439,0.46131682,2.10625839,0.19659096,0.89227849,-1.36508930,-0.07693012
-1.07452500,0.92991263,-0.47500172,0.49524370,-0.14801991,-0.10479750,0.28573954,1.10509109,0.26352921,-0.25547189,-0.55961877,-0.10161727,-1.31375623,1.51558399,-1.07799339,1.83984685,0.65610170,1.56086421,0.79820526,0.44528639,-1.58784997,1.22603381,-0.44486812,-0.34708723,-0.25027776,-0.52663046,0.69491267,-1.65327728,-0.69141090,1.53673124,0.97166765,-2.18399596,0.07548819,2.17365360,0.26381510,-0.80125815,-1.72912288,-1.28902340,-1.05664730,0.05149663,0.12890288,1.80627370,-0.67375219,1.49901271,-1.07773602,-0.94053119,0.45603859,-0.43944302,1.70178413,0.41290891,1.45375717,1.07031298,-0.13431478,-0.35157835,0.13705201,0.55529255,-2.38626695,0.78167206,-1.01331127,-1.01529634,-0.32910419,0.01086763,1.25061262,1.21923828,0.67705977,-0.87442321,0.90455365,1.02482450,-0.38282344,-0.05700458,-0.66812634,0.96521902,0.37960368,0.48080751,0.27616310,0.11978576,-0.78444314,0.45590609,-0.46300191,-0.28591636,-0.66133493,-0.39242005,0.94016796,-2.03316617,-1.12441730,0.13849235,-0.99234372,-1.71575308,-0.15996858,0.79996663,0.24730693,1.06152177,0.77277368,-0.94590771,-0.17846493,0.91791373,0.97911757,-1.10288692,-1.04249728,1.24697912,0.32711396,-0.35976234,2.33447862,-0.09759388,1.34351492,-1.55711496,-1.57035172,0.86370146,0.95884997,-0.27590829,-2.43241072,-0.54963404,0.14662518,-1.75201583,-0.79556113,-0.57259125,-0.59904110,0.44249323,0.06578855,0.64896894,0.23056565,-0.23195830,0.53699440,1.88192403,-0.13191429,0.66884965,-1.27820635,-0.05445167
-1.16215575,1.02898872,-0.07156958,-1.29543984,-0.47489873,0.43561497,-0.63232219,-0.42834565,-0.99457639,-0.88993698,-0.91371161,0.57458031,-0.75973576,0.89494991,-0.83540624,1.42688453,0.84335941,0.54662442,0.54127812,-1.36773586,-0.77548635,1.15817750,-0.45784789,-0.64209324,0.05333350,-0.42302611,0.11679465,-0.02982369,0.28580180,1.53930163,1.26215339,-1.86181295,0.58710092,2.06730723,0.42173520,-1.80879605,-0.57345259,-1.27865827,-0.12481388,0.42468309,-0.16602868,1.61391521,-0.08544296,1.04231703,-2.17156553,-0.54315531,-0.98797268,0.83889347,1.57410967,0.41616499,0.72424966,0.62446594,-0.32006192,0.85691178,-0.50154114,1.50991452,-2.53976727,-0.33081436,-0.61929941,-0.95305282,-0.34604850,1.22427261,0.96234822,0.74371505,-0.92683446,-0.79287422,0.93448365,1.39228308,-0.42640755,0.30513000,-1.28072178,1.14191198,-0.32389739,-0.01320260,0.42565435,-0.03158337,-0.11505719,0.90384847,1.13595200,0.00146825,0.65765744,-1.16379476,1.51464021,-0.62449884,-0.62104183,1.11375618,-0.86060899,-0.56148839,-0.80215251,0.51400393,0.86890149,0.77506793,-0.42893475,-0.57944214,-0.19374634,0.61706370,-0.54578215,-1.87071002,-0.19205077,1.48159409,-1.07466412,-1.38805377,2.39114904,-0.53017467,1.09956217,-1.03616977,-1.11448634,1.62369299,0.66097313,0.53913027,-0.91718102,-1.23989415,0.85717517,-1.95361948,-1.44905257,-0.09555873,0.72197050,1.14539897,-1.83134818,1.64526153,-0.14176793,-0.07340732,0.58586186,1.52895939,0.29402009,0.55786985,-1.36043179,0.22350839
-1.11465216,1.13567853,-0.98550290,0.01375608,-0.18857418,0.03066777,0.36614779,0.83315587,0.55333167,-0.33174416,-0.46075404,-0.26714319,-1.49843848,1.17291903,-1.16259658,1.86102772,0.99679005,1.92751491,0.79705662,0.54376608,-1.53872132,1.44619966,-0.58309877,-0.13134325,-0.36273867,-0.71752745,0.25059822,-1.11372459,-0.62970227,1.66113567,0.88332254,-2.17061305,-0.06266564,1.66456652,0.28558829,-1.11183453,-1.31280029,-1.49844122,-1.04916191,-0.00951052,0.58283162,1.97544217,-0.99579209,1.57779145,-0.96996784,-1.19062209,0.57034415,-0.14550091,1.23461235,0.00444336,1.69929075,1.01156282,-0.29224142,-0.06468726,0.04961091,0.67320776,-2.17464805,0.99396747,-0.74548793,-0.89195210,-0.46656817,0.40941763,1.18567955,0.84924412,0.53060436,-0.93270683,1.33802545,0.82806200,-0.99223554,0.26619661,-0.93978614,1.17687452,0.17069398,0.67345911,0.33285123,0.57550561,-0.88842005,0.68510187,-0.08429129,0.04009191,-0.88891393,-0.09450836,0.55393362,-1.74634039,-0.91746825,0.32739466,-0.90677321,-1.84877479,-0.14125203,0.91562212,0.16993600,1.27275574,0.35659111,-1.30443299,-0.44765347,1.30929959,1.14964926,-1.35769320,-1.09027123,1.13500571,0.20021492,-0.24714606,1.89749444,-0.16734497,1.23979771,-1.73983419,-1.46165490,0.58530712,0.65713406,0.12601916,-1.96715879,-0.40948066,0.21618983,-2.06904364,-0.53117162,-0.73935401,-0.36628389,0.60614455,-0.00163461,0.41006434,0.35457131,-0.04245993,-0.11920880,2.05283070,-0.11496871,0.94808090,-1.23695993,-0.27799177
-0.76033384,1.13616991,-0.52361465,-0.89800286,-0.41606015,0.25160611,-0.69952673,-0.16717374,-0.44551489,-0.64933950,-0.88323724,0.17433317,-0.93118387,1.25704837,-1.37069309,1.32206106,0.65079528,0.98459733,0.12975289,-1.12568653,-0.94282675,0.99880791,-0.74762416,-0.61198437,0.13172364,-0.60200191,0.13441031,-0.43417904,-0.42749995,1.74769652,0.64127606,-1.55131280,0.66864759,2.07451272,0.26224983,-2.23862481,-0.68173325,-1.31538486,-0.35329837,0.64196366,-0.48568085,2.09751487,-0.36041066,0.92548084,-1.79172456,-0.51541358,-0.57333028,0.95267504,1.87583244,0.26816714,0.93062717,1.05552304,-0.21664496,0.87740040,-0.33974105,1.63800430,-2.11006927,-0.00833683,-0.73509705,-0.73582971,-0.48533410,0.92466676,1.00026178,0.35817116,-0.54067308,-0.74178153,1.63677144,1.26931655,-0.57576752,-0.06289692,-1.14794672,1.23287320,-0.43354133,0.02223407,0.64811260,-0.02995761,-0.04552923,1.46289432,0.52255076,-0.02928480,0.03831692,-0.63643640,1.17079163,-0.74430424,-0.34494424,0.78340924,-0.30370998,-1.17927051,-0.91969287,0.92344159,0.89597738,1.15407670,-0.43996099,-0.68535316,-0.50122756,0.82291830,0.12659408,-1.81738913,-0.33243638,1.27314329,-0.68085545,-1.04985785,2.33196783,-1.01595867,0.88638520,-1.60514438,-1.44783962,1.77134097,0.70938426,0.56375909,-1.13289237,-1.16361475,0.68528044,-1.97499979,-1.30771935,-0.25545764,0.50923336,0.96506613,-1.49872613,1.28044224,0.03065544,0.23759381,0.13757360,1.79463375,-0.13126051,1.25200963,-1.50599194,0.24570805
-0.02483737,1.02654409,-0.31624654,-0.96328729,-0.25362965,0.87646365,-1.29621005,-1.14611351,-0.46600300,-1.27108562,-0.18035363,-0.35957459,-1.23033500,0.34133077,-1.13221741,1.26908827,1.52672386,0.79868501,-0.25496054,-1.59582758,-0.84129214,0.97249961,-0.46063754,0.23081930,0.24999630,-0.99356234,-0.02139167,0.49202588,0.51826739,0.72360647,0.45750770,-1.29341042,0.82398748,0.31240571,-0.62106568,-1.85644531,0.34824231,-1.57770622,0.38528836,0.91435194,0.71985698,1.32847691,-0.49555868,0.11700880,-1.00044262,-0.76484120,-1.15961146,1.76353323,0.47688329,-1.46001351,0.93611634,0.36894676,-0.39963576,1.46279335,-0.03638670,2.24131298,-1.43169451,0.09465659,-0.76593363,-0.62535858,-0.69571054,1.90285385,0.80156797,-0.82007968,-1.29072976,-0.18164289,0.98400837,0.28068727,-1.60692167,1.18233013,-1.44777536,1.00295675,-0.98552758,-0.11420338,0.67518622,0.25847533,0.47090152,1.14333856,2.47315741,0.86429924,0.31214297,-0.65302306,0.59191841,0.73626333,-0.49209481,0.84661674,0.16939209,-0.82150823,-0.81605858,1.30296373,1.47195208,1.40402436,-1.29379046,-0.63218880,-1.08034444,0.44067559,0.47721148,-1.77205038,-0.63699585,1.13865936,-1.11040914,-1.50276852,0.46033537,-1.36563814,0.61821014,-1.36988413,-0.96388710,1.30408990,-0.50780034,1.64535952,1.09888685,-0.51300746,0.94074583,-1.59816194,-0.54996085,-0.00788294,1.27170956,0.78454167,-1.86678588,0.67855358,0.39356095,-0.10006355,-0.15390942,1.57182288,-0.60535985,1.19318914,-0.72727823,-0.06894717
-1.02721906,1.04387987,-0.41703090,0.38792217,-0.06904290,0.02665320,0.21348302,1.02994871,0.26858276,-0.32084402,-0.45255923,-0.26786751,-1.33782160,1.52010417,-1.06200528,1.86770689,0.74710745,1.67656398,0.64490747,0.46660519,-1.71202767,1.28196979,-0.38746423,-0.12517080,-0.44101933,-0.57399595,0.75167984,-1.74525595,-0.85353357,1.43596077,0.98447007,-2.29955339,0.17873113,2.10614252,0.10231283,-0.98925543,-1.84851146,-1.31813633,-1.12887895,0.13605006,0.19900447,1.79753029,-0.77249157,1.35789287,-0.89292234,-0.92499381,0.47325924,-0.31429020,1.74410450,0.25474289,1.57252300,0.96119034,-0.29986447,-0.16384828,0.33249688,0.70841110,-2.26415181,0.92752177,-1.01371682,-0.95003885,-0.41959557,0.14561620,1.39692080,1.07091033,0.58111525,-0.84105551,0.94196951,0.91530645,-0.67376858,0.04681949,-0.76600862,0.92864156,0.22625846,0.58409339,0.12496389,0.35075757,-0.69715261,0.41842973,-0.22837943,-0.07600955,-0.82304537,-0.14475232,0.79713923,-1.75932968,-1.23795772,0.09159908,-0.84348106,-1.62620199,-0.19723211,1.11753297,0.27891979,1.21688759,0.84353310,-1.02766418,-0.32472876,0.90004051,1.07467842,-1.10169280,-1.36742866,1.33202600,0.36488217,-0.43576965,2.04563189,-0.22317615,1.22289896,-1.59269118,-1.73744190,0.90673620,0.87743992,-0.10464992,-2.15997720,-0.55940193,0.07828473,-1.80531108,-0.74993032,-0.48429665,-0.48437503,0.47288510,0.06651235,0.38408667,0.30937564,-0.28126881,0.27085251,1.87960851,-0.20943509,0.76973355,-1.22057760,-0.00516282
0.14257146,0.73422205,-0.42694530,-2.02454042,-0.67721438,1.21849716,-1.32832611,-1.87006927,-0.86972439,-1.10680401,-0.10040811,-0.02972431,-0.50824946,-0.77567345,-0.83701533,0.24000046,1.20725560,-0.23083678,-0.31826922,-2.07043672,0.60388732,0.71591598,-0.90749854,0.13814484,0.65237045,-0.81323582,-0.72411603,1.74965227,1.18439758,0.54141778,0.06609580,-0.36102751,0.90570086,-0.37140039,-0.31225070,-1.66572416,1.24477339,-1.24998057,1.18321717,0.58434319,0.82438040,0.44520351,-0.39853421,-0.03647429,-0.93268728,-0.57570517,-1.46552300,1.61322963,-0.48588169,-1.02481782,0.07245737,0.10188268,-0.56315494,1.81284678,-0.43121213,1.67441297,-1.24275124,-0.43155885,-0.44680926,0.16350147,-0.72126132,2.43329310,0.23272528,-1.22781980,-2.05871439,-0.02714651,0.86240482,0.20400131,-1.43656552,1.24049461,-1.22691512,0.75071657,-0.95001924,0.06642733,0.74614817,0.27011269,0.88796932,1.25307441,2.69072723,0.79031724,0.64257967,-0.67499983,0.06174174,1.29514372,0.91657233,1.13937855,0.10182879,-0.10672458,-0.41209799,0.48317769,1.14819038,0.78418493,-2.21673894,-0.18716858,-0.76450598,0.44727346,-0.21025436,-1.43541479,0.16941033,0.40017495,-1.63054192,-0.99006379,0.05161127,-0.92650139,0.17473340,-0.88921708,-0.31533882,1.18996382,-0.58052480,1.71155214,1.52534842,-0.13930334,0.99756569,-1.31472158,-0.42774418,0.09067778,1.78173065,0.78556371,-2.15006876,0.67720890,0.31305113,0.18321550,-0.19123867,0.99070185,-0.00963288,1.15758061,-0.30871093,-0.33650216
0.19031166,0.61588401,-1.33869493,-2.86645079,-0.53602564,1.23976791,-0.33495697,-1.76866424,-0.22792660,-1.50246346,0.60168219,-0.67754781,-0.50498492,-1.30496883,-0.98427254,0.51788735,1.99655712,0.54084265,0.60801560,-0.93422854,0.26788557,0.78947836,-1.09558606,0.00068251,-0.03437062,-1.31467998,-0.45675650,1.99831271,1.27439749,0.23461631,-0.63930666,-0.75631946,0.34518018,-0.78210658,-0.09295321,-0.15583313,0.75012332,-1.01192021,1.27253234,-0.41698024,1.62280297,-0.27650857,-1.17554665,0.69343776,0.12357138,-1.22396314,-1.49381793,1.40366280,-0.97052532,-1.05900264,0.27280194,0.60725278,-1.17365026,1.35841608,-0.11257904,0.70914489,-0.76706398,-0.03854368,-0.18838960,0.43115056,-0.65296292,2.30626345,0.14348252,-0.74854523,-2.22716832,-0.45101640,0.74354333,-0.12807284,-2.16962981,1.61392760,-1.09052074,0.90758014,-0.90980721,0.52202594,0.71373636,1.35882056,0.93029165,0.28217596,2.54740858,0.63990444,0.11250134,-0.69688749,-0.51986551,1.16063225,0.85817814,0.76928765,0.51521546,0.31225327,-0.34735793,0.94900107,0.28077140,0.60224426,-1.78550661,-0.32887155,-0.47212109,0.86316156,0.30615628,-0.85589671,-0.13718492,0.07201927,-1.83385456,-0.70887971,-0.78095281,-0.08465540,0.42464665,-0.43085748,0.42550766,-0.50393891,-1.32265174,1.55778635,0.62197095,1.04078424,0.58702761,-1.50948930,0.72088569,-0.62738806,1.90626550,0.76035202,-1.19260716,-0.40801716,0.09711036,0.37131539,-0.43743312,1.40188360,0.49467137,1.29930615,0.54446727,-0.70170492
1.45589399,-0.28827241,-0.80201656,-0.30151892,-0.16996592,0.44903189,-0.07970454,-1.04153013,0.63448548,-0.11967402,1.04869485,-1.05375934,0.07914564,-2.07415247,0.15374190,-1.44628978,0.32844600,-0.71742219,-0.53071606,0.22949225,1.65302944,-0.55075371,-0.47157139,1.02869344,0.42254651,-0.39696175,-0.87264502,1.76302910,0.81033951,-1.24566638,-1.43803728,1.65078115,-0.06716014,-2.58046699,-0.55645120,1.03602803,1.54865348,0.23810308,1.12638199,-0.17929766,1.33366740,-1.63795483,-0.44954392,-0.84517598,1.89647019,-0.19629881,0.13835764,0.07131486,-2.36548853,-1.41241753,-0.67054826,-0.32196704,-0.13359004,0.30070707,0.31439459,-0.71213305,1.59713757,0.19512857,0.29005086,1.38042247,-0.27679130,0.60133678,-0.99731320,-1.67460465,-0.69638324,0.66479439,-0.37341315,-1.57805216,-1.16871822,0.95980477,0.33499318,-0.45752570,-0.36492845,0.21416992,0.17902537,0.65840209,0.98925579,-0.18023983,0.88568980,0.68705547,-0.38498500,0.82949895,-1.98894191,1.42094994,1.59365976,-0.51441431,1.11408520,0.42747733,0.81580341,-0.12422565,-0.00710409,-0.13303813,-1.29468489,0.18962078,-0.34633294,-0.19333142,0.83403319,0.99664301,0.14507884,-1.30510235,-0.14310148,0.85960245,-2.67511582,-0.03707858,-1.11207831,0.58987296,1.10704362,-1.46098375,-1.31491041,0.77685869,1.70263433,1.80829108,-0.30373311,1.03259099,1.67838395,0.04542484,0.39639345,-0.81055021,0.59064013,-1.59381723,0.73899323,0.42550161,-0.74679238,-0.71125555,-0.17435117,0.44991788,1.48584092,-0.65943015
-0.34480754,1.00946105,-0.86477345,0.79191929,-0.24350585,0.44992629,0.80083257,1.04979885,1.21178818,-0.08736352,0.36139035,-0.83680290,-1.61611724,0.43094939,-0.93797749,1.14444232,1.29631495,2.05608416,0.28159016,1.18707824,-1.19031262,1.32928908,-1.08837914,0.28199318,-0.20723997,-1.16251493,0.20859833,-1.59157336,-0.70952779,0.54955214,0.30334321,-1.52852869,0.52881843,0.84070617,-0.79060626,-0.31405577,-1.77262986,-1.89761305,-0.85551095,0.16319324,1.29586387,0.81462359,-1.18520939,0.71102178,0.48207778,-0.90967214,0.98064798,-0.50356042,0.31388322,-0.75574231,1.48921120,0.96723390,-0.47778580,0.05994923,1.47551906,0.20825364,-2.25224972,1.42165577,-1.53955984,-0.21502641,-0.87518686,0.15085384,1.54389310,0.10558992,0.73963064,-0.72929943,0.63390815,-0.01557879,-1.42612803,1.19508100,-0.74981272,0.53924227,0.44292656,1.33319151,0.25783896,0.95875841,-0.17627053,0.14110816,0.08966362,0.47918230,-1.79934263,1.08674419,-0.38470671,-1.69063497,-0.06381223,-0.76120049,-0.78194064,-1.96948004,0.64483207,1.11074960,0.35602298,1.73655748,0.05801617,-0.99360245,-0.33216840,0.88848436,2.04906559,-0.30625412,-1.92835474,1.33756232,0.69043970,0.40803921,1.03778410,-0.10404503,0.60614157,-1.67583799,-1.87607598,0.24369021,0.64467800,0.06923152,-1.76807678,0.99918824,-0.70535839,-1.61784673,0.43505785,-0.95153701,-0.40224993,-0.43860519,0.70564818,-0.77783161,0.87904131,-0.29519424,-0.24625695,1.55042708,-0.78129822,0.68698716,-0.06854474,-0.77693057
-1.07077229,1.23188674,-0.57719731,-0.55883241,-0.37416804,-0.06836131,0.06160077,0.41153777,-0.03312321,-0.49417129,-0.73178256,0.16892660,-0.96993893,1.30748260,-1.24781990,1.60264552,0.74612451,1.40219629,0.80786598,-0.11913507,-1.00074255,1.14365351,-0.56360072,-0.55807292,-0.14394048,-0.47376737,0.29997203,-1.04841399,-0.70965821,1.63425267,0.81540275,-2.18837976,0.29149380,2.50830388,0.51058030,-1.26495135,-1.24061990,-1.24251533,-0.67982435,0.16043322,-0.21217681,2.02409363,-0.59045768,1.45706987,-1.69349146,-0.85746562,-0.18195732,0.08403804,2.06418705,0.77186155,1.06770432,1.31314588,-0.24864782,0.36361834,-0.16427210,0.63437259,-2.43411922,0.30778506,-0.60104042,-0.65448618,-0.33599693,0.35102579,1.12747550,1.25180578,0.10256381,-1.01070559,1.31614161,1.28326416,-0.62831253,-0.28919119,-0.96239167,1.19920194,-0.04319396,0.35789490,0.59041345,0.23035112,-0.45235378,0.79960006,-0.27129114,-0.24322195,-0.37432906,-0.57261008,1.16624963,-1.49481738,-0.63715184,0.42532417,-0.55178320,-1.32930648,-0.63781255,0.71481645,0.36020413,0.95137769,0.44228575,-0.94879377,0.03356656,1.01004314,0.22976996,-1.53590310,-0.68632013,1.39063323,-0.25011277,-0.68514669,2.62127852,-0.39259803,1.08999813,-1.63617575,-1.36651123,1.11153769,0.77574801,-0.01546155,-2.54644775,-0.89357370,0.27399981,-1.97291315,-1.06883085,-0.69359320,-0.24650121,0.97745109,-0.60572994,0.78255850,0.02482004,0.26484632,0.44145712,1.79652238,0.17901538,0.88682789,-1.44418216,0.13481355
-0.72119427,1.23466516,-0.47487602,-1.38122189,0.00887953,0.59927601,-0.88976914,-0.45001400,-0.41525894,-0.75904614,-0.40026239,0.01555441,-1.27310157,1.05069757,-0.98509938,1.67322659,0.88633937,1.23072529,-0.11746613,-0.78781831,-1.32659245,1.33325875,-0.83247828,-0.24142019,-0.34271660,-0.65250945,0.07939450,-0.29214051,-0.44468632,1.43229604,0.66711587,-1.72747099,0.64231265,1.43865538,-0.19961171,-2.38606811,-0.51512462,-1.39302433,-0.43736583,0.76818067,-0.08792011,2.02587175,-0.34664121,0.74899465,-1.41079640,-0.59446943,-0.51103956,1.41996181,1.55552387,-0.43866453,1.25609958,0.55627412,-0.46320668,1.16899204,-0.14905091,1.89988244,-1.69903696,0.24200711,-0.61580831,-0.80429184,-0.82194400,1.28019655,1.05257058,0.26798064,-0.81963563,-0.76986498,1.56214511,1.17276061,-0.97452080,0.58099794,-1.28825963,1.09535551,-0.63962650,0.07111976,0.40369058,0.32763103,-0.08003109,1.23537695,1.27357733,0.24396296,0.09227635,-0.51408148,0.83947164,-0.34034574,-0.68427104,1.06288886,-0.04472185,-1.07936645,-0.86726213,1.17556930,1.02321911,1.42608166,-0.45984727,-0.89794511,-1.16618514,0.97351664,0.13354380,-1.94110489,-0.59346318,1.32492161,-0.70484382,-1.11703396,1.94624698,-1.14476442,0.60081446,-1.36752915,-1.54635251,1.45967233,0.34109199,0.86430031,-0.17547289,-1.09182167,0.89765370,-1.96276569,-1.05952728,-0.22087409,0.79608959,0.84353828,-1.50372469,0.92510301,0.14684807,0.02158547,-0.24018192,1.81847990,-0.06439733,1.05942500,-1.24957049,-0.20660442
