epoch,split,run_id,checkpoint,optimizer_steps_epoch,population,positive_weight,sigreg_weight,negative_active,competition_temperature,dtw_position_prior,gamma,generalization_gap,learning_rate,total,positive_dtw,evaluated,skipped,invalid,sigreg_raw,sigreg_weighted,aggregation,negative,valid_tokens,sigreg_populations,letters_mean,windows_mean,seconds
1,train_online,resnet18_128d_5l_1h_no_pos_21634461,model_epoch_001.pth,39.0,full-split,1.0,0.2,False,0.1,0.15,0.05,0.04290501679929548,2e-05,52.50277032607641,2.1900557403548775,2433.0,63.0,0,251.56521899883563,50.313044315729385,optimization-batch weighted; weights change; augmented/dropout-active,,,,,,
1,train_eval,resnet18_128d_5l_1h_no_pos_21634461,model_epoch_001.pth,39.0,full-split,1.0,0.2,False,0.1,0.15,0.05,0.04290501679929548,2e-05,49.26830773882743,2.2100031428801588,811,21,0,235.29152297973633,47.05830459594727,,,52416,52,36.60912453760789,63.0,56.89432529499754
1,val_eval,resnet18_128d_5l_1h_no_pos_21634461,model_epoch_001.pth,39.0,full-split,1.0,0.2,False,0.1,0.15,0.05,0.04290501679929548,2e-05,48.28595632556238,2.2529081596794542,277,10,0,230.1652408294146,46.033048165882924,,,18081,18,36.57039711191336,63.0,21.298008244950324
2,train_online,resnet18_128d_5l_1h_no_pos_21634461,model_epoch_002.pth,39.0,full-split,1.0,0.2,False,0.1,0.15,0.05,0.04220054540526874,1.9945766764145906e-05,5.652962654064863,2.2172254362176878,2433.0,63.0,0,17.178233953622673,3.4356468335176125,optimization-batch weighted; weights change; augmented/dropout-active,,,,,,
2,train_eval,resnet18_128d_5l_1h_no_pos_21634461,model_epoch_002.pth,39.0,full-split,1.0,0.2,False,0.1,0.15,0.05,0.04220054540526874,1.9945766764145906e-05,29.750672835276138,2.2014586922566783,811,21,0,137.7460707150973,27.54921414301946,,,52416,52,36.60912453760789,63.0,56.63968235813081
2,val_eval,resnet18_128d_5l_1h_no_pos_21634461,model_epoch_002.pth,39.0,full-split,1.0,0.2,False,0.1,0.15,0.05,0.04220054540526874,1.9945766764145906e-05,30.514222577267514,2.243659237661947,277,10,0,141.35281669802782,28.270563339605566,,,18081,18,36.57039711191336,63.0,21.053686757106334
3,train_online,resnet18_128d_5l_1h_no_pos_21634461,model_epoch_003.pth,39.0,full-split,1.0,0.2,False,0.1,0.15,0.05,0.037442050484303824,1.9783661247264677e-05,4.563776798737355,2.2136555933628954,2433.0,63.0,0,11.751078507839106,2.3502157498628664,optimization-batch weighted; weights change; augmented/dropout-active,,,,,,
3,train_eval,resnet18_128d_5l_1h_no_pos_21634461,model_epoch_003.pth,39.0,full-split,1.0,0.2,False,0.1,0.15,0.05,0.037442050484303824,1.9783661247264677e-05,14.465684119680173,2.2278136098722934,811,21,0,61.1893525490394,12.23787050980788,,,52416,52,36.60912453760789,63.0,56.99172499217093
3,val_eval,resnet18_128d_5l_1h_no_pos_21634461,model_epoch_003.pth,39.0,full-split,1.0,0.2,False,0.1,0.15,0.05,0.037442050484303824,1.9783661247264677e-05,13.94168204876817,2.265255660356597,277,10,0,58.38213194205786,11.676426388411572,,,18081,18,36.57039711191336,63.0,20.67834047996439
4,train_online,resnet18_128d_5l_1h_no_pos_21634461,model_epoch_004.pth,39.0,full-split,1.0,0.2,False,0.1,0.15,0.05,0.03613696807564715,1.9515459511322024e-05,4.20246513073261,2.2109966146764664,2433.0,63.0,0,9.95716332166623,1.991432697345049,optimization-batch weighted; weights change; augmented/dropout-active,,,,,,
4,train_eval,resnet18_128d_5l_1h_no_pos_21634461,model_epoch_004.pth,39.0,full-split,1.0,0.2,False,0.1,0.15,0.05,0.03613696807564715,1.9515459511322024e-05,13.836300450964263,2.2088011786911257,811,21,0,58.137496361365685,11.627499272273138,,,52416,52,36.60912453760789,63.0,56.13244133396074
4,val_eval,resnet18_128d_5l_1h_no_pos_21634461,model_epoch_004.pth,39.0,full-split,1.0,0.2,False,0.1,0.15,0.05,0.03613696807564715,1.9515459511322024e-05,12.997939417659085,2.244938146766773,277,10,0,53.76500635446156,10.753001270892312,,,18081,18,36.57039711191336,63.0,20.75968273798935
5,train_online,resnet18_128d_5l_1h_no_pos_21634461,model_epoch_005.pth,39.0,full-split,1.0,0.2,False,0.1,0.15,0.05,0.03748013339192324,1.914410003066175e-05,4.054497245030525,2.202822328593767,2433.0,63.0,0,9.258597618494278,1.8517195353141198,optimization-batch weighted; weights change; augmented/dropout-active,,,,,,
5,train_eval,resnet18_128d_5l_1h_no_pos_21634461,model_epoch_005.pth,39.0,full-split,1.0,0.2,False,0.1,0.15,0.05,0.03748013339192324,1.914410003066175e-05,13.48887378205885,2.2045078933165487,811,21,0,56.4218294437115,11.2843658887423,,,52416,52,36.60912453760789,63.0,56.09903352311812
5,val_eval,resnet18_128d_5l_1h_no_pos_21634461,model_epoch_005.pth,39.0,full-split,1.0,0.2,False,0.1,0.15,0.05,0.03748013339192324,1.914410003066175e-05,12.646696102148777,2.241988026708472,277,10,0,52.02354037720152,10.404708075440304,,,18081,18,36.57039711191336,63.0,21.50353097100742
6,train_online,resnet18_128d_5l_1h_no_pos_21634461,model_epoch_006.pth,39.0,full-split,1.0,0.2,False,0.1,0.15,0.05,0.03961421729164716,1.867365149746595e-05,3.9272372814325185,2.1989579960685477,2433.0,63.0,0,8.640991039765186,1.728198228738247,optimization-batch weighted; weights change; augmented/dropout-active,,,,,,
6,train_eval,resnet18_128d_5l_1h_no_pos_21634461,model_epoch_006.pth,39.0,full-split,1.0,0.2,False,0.1,0.15,0.05,0.03961421729164716,1.867365149746595e-05,12.67690990367583,2.1864754771480723,811,21,0,52.452172132638786,10.490434426527758,,,52416,52,36.60912453760789,63.0,56.319128789938986
6,val_eval,resnet18_128d_5l_1h_no_pos_21634461,model_epoch_006.pth,39.0,full-split,1.0,0.2,False,0.1,0.15,0.05,0.03961421729164716,1.867365149746595e-05,11.870930136950983,2.2260896944397195,277,10,0,48.224202212556314,9.644840442511263,,,18081,18,36.57039711191336,63.0,20.744670019019395
7,train_online,resnet18_128d_5l_1h_no_pos_21634461,model_epoch_007.pth,39.0,full-split,1.0,0.2,False,0.1,0.15,0.05,0.04051442538919803,1.8109268244311985e-05,3.8237434044862404,2.190045147925995,2433.0,63.0,0,8.168739123222155,1.6337478466522999,optimization-batch weighted; weights change; augmented/dropout-active,,,,,,
7,train_eval,resnet18_128d_5l_1h_no_pos_21634461,model_epoch_007.pth,39.0,full-split,1.0,0.2,False,0.1,0.15,0.05,0.04051442538919803,1.8109268244311985e-05,12.935716358240173,2.168625384752906,811,21,0,53.83545486743633,10.767090973487267,,,52416,52,36.60912453760789,63.0,56.19691594480537
7,val_eval,resnet18_128d_5l_1h_no_pos_21634461,model_epoch_007.pth,39.0,full-split,1.0,0.2,False,0.1,0.15,0.05,0.04051442538919803,1.8109268244311985e-05,12.117588495312987,2.209139810142104,277,10,0,49.54224342585441,9.908448685170882,,,18081,18,36.57039711191336,63.0,22.670966780046
