1.41656542,-0.68067348,-0.62867802,-0.38453224,0.14828199,0.94177234,-2.15996861,-0.32687217,0.16199979,-0.46199134,0.82980067,-0.84980196,0.07570071,-0.87343860,-0.03379733,-1.88324344,-1.14925623,-0.55359292,-0.76394957,-0.10755662,1.76929450,-0.05114904,0.16307774,0.15810111,1.44218290,1.18208849,-0.88374287,1.51347971,0.89593476,-0.62107551,-0.66136521,3.13412762,-0.93804872,-1.85253406,-0.28484404,0.14842270,2.05618000,0.25112608,0.91101170,-0.66746634,0.68279243,-1.00296116,0.99719465,-0.38709813,0.23599982,0.26775745,0.16567756,0.73558569,-1.40315390,-1.32727206,-0.83555675,-0.68031114,0.57002747,-0.64703220,-0.28814337,0.62505704,0.87655085,0.19424932,-0.14957999,0.28362969,0.20370293,1.26064646,-1.63079023,-1.80878532,-0.16542220,0.86673057,-0.23448780,-0.47716931,-0.48751795,0.02085783,1.36623275,-0.39247254,-0.53758323,-0.57889140,-0.41773948,-1.01061809,0.75556380,-0.56894892,0.75972998,0.10313196,0.73155963,0.11244451,-1.58921516,1.29695964,-0.09873565,0.99224430,1.58267021,-0.88665950,-0.25850561,-0.16162364,-0.10696028,0.08138373,-1.58870876,0.52402818,-1.24957168,-1.56017005,1.23716211,0.11392990,0.73561305,-1.46826196,-0.56120914,0.13174474,-2.97568178,0.05769352,-1.21230912,0.89742291,0.42202803,-0.17414187,-0.61552066,0.22131528,3.09250140,0.15637732,0.77673244,0.19408804,0.79531044,2.16213107,0.60072392,-0.11857060,-0.04008672,-1.07059300,1.09475100,0.27452549,-1.32699907,0.99061418,-0.71716779,0.56442004,0.50345427,1.05993998
-1.71551049,0.16764030,0.21993661,-0.00144122,0.32224116,-0.43725443,-0.14061101,1.62654817,-0.19479270,0.27862889,-0.58294588,1.30674541,-1.08732080,1.22084320,-0.40537840,1.73777187,-0.91336066,0.45107567,0.92458123,0.50963402,-1.25051820,0.87461329,0.50323009,-1.54187441,-0.03130395,0.28832886,0.89976847,-1.36100245,-0.66870821,0.66144246,1.07675159,-1.77557635,-0.48436669,2.96705985,0.18337707,-0.32055393,-0.87200266,-0.14456220,-1.21735299,-0.24141702,-0.47437695,1.00807095,0.46494761,1.41158569,-1.31194341,-0.42219362,0.15270278,-0.58373439,2.44666672,2.17882061,0.21858174,0.07708416,0.29382750,-1.50426376,-0.12844095,0.76289165,-1.49977136,0.11565500,-0.90423501,-1.18974710,0.31573531,-1.09360301,0.68883866,1.95503569,1.05774868,-0.19919342,-0.31091055,1.16818821,1.45817792,-0.67781156,0.45336571,0.82928962,0.38187876,-0.06214873,-0.65916324,-1.20532846,-1.00078809,0.04978451,-1.33830845,-1.09729278,0.41460538,-0.99750537,1.43998635,-1.39540422,-1.53348804,0.12183546,-2.38718462,-0.83762419,0.26315972,0.24541083,-0.73858935,0.01258923,2.09249902,0.19078076,0.11102583,0.27577129,0.26528931,-0.37757578,0.03845549,0.19788931,0.15108873,0.24411340,1.22983623,0.82722002,0.55152982,-0.44359124,-0.77200085,0.67812222,1.39783716,-0.51682174,-2.32881474,-0.98145521,0.09083037,-1.25218570,-0.92752671,0.24410203,-2.04983711,0.40923777,0.51903236,1.84994423,-0.28804976,-0.85141504,0.48019305,1.57021904,0.49418235,-0.82550627,-0.23753951,0.74108106
-2.16665697,0.45392764,0.26290295,-0.70200098,-0.27329841,0.02462890,0.00937275,1.22852421,-1.11843443,0.28125370,-0.67013973,1.25510299,-0.34823787,0.35583225,-0.59672850,1.23232114,-0.82433301,-0.40195909,1.10367239,-0.39553598,-0.46665752,0.61220306,-0.12065070,-1.78754210,0.70460784,0.00594345,0.09075332,-0.76887286,0.31993645,0.98277438,1.07085061,-1.38977587,-0.17079894,3.48040986,0.29626152,-0.14117505,-0.27489388,-0.27103066,-0.49596009,-0.36848131,-0.06527584,0.82762486,0.56198579,1.58253515,-2.07735229,-0.20989546,-0.32892418,-0.70207876,2.05659318,1.81381130,-0.48649842,0.25588346,0.15543497,-0.75778717,-0.70725465,1.07847345,-2.50293517,-0.38682884,-1.25271797,-0.53376049,0.35834092,-0.00302377,0.73724484,1.41301489,0.43981960,0.12381168,-0.17798625,1.70190275,0.86626869,-0.64753175,-0.46024770,0.85847324,0.34194243,-0.07394236,-0.15838484,-1.31252205,-0.92227846,0.05380854,-0.37259394,-0.76690662,1.17060971,-1.40995288,1.65529978,-1.04127288,-0.40315670,0.55608016,-3.17098904,-0.86530256,0.49940944,-0.27089751,-0.71092707,-0.02376957,1.27194953,0.85248673,0.53702486,0.46486202,-0.02930755,-0.81487989,0.57761043,0.42217419,0.00893623,-0.19208707,1.39541578,0.59328073,0.85096699,-0.96091372,-0.68068069,1.02115822,1.58907127,-0.12891290,-1.91587698,-0.87351292,0.62472826,-1.64760852,-1.59777391,0.59595358,-1.42975664,0.24935527,-0.49205372,2.32011771,-0.30657661,-0.56687939,1.05915105,1.42681098,0.08575335,-0.74352348,-0.69863397,0.86235034
-2.04257226,0.64840406,0.15034017,-0.91246247,-0.14338414,0.58890069,0.18709019,1.50081158,-0.20965427,-0.46062049,-0.62443614,1.23499393,-1.10047305,0.74366969,-0.60729742,2.57620454,0.64050573,0.71354246,1.29879987,0.35730681,-1.71957719,1.45727098,0.30202770,-0.39110312,0.13793662,-0.48007250,0.80651015,-1.05971384,-0.28864503,0.78953713,1.12587571,-2.70336270,-0.34216866,2.64416242,-0.40422413,-0.46388766,-0.60117882,-0.88894022,-1.05608010,-0.54350203,0.86390477,0.98975253,-0.15407883,1.76995623,-1.01934993,-1.09728205,-0.43483683,-0.58846051,1.89705026,1.22173107,0.68547863,-0.56244838,-0.39815477,-0.43614709,0.11831892,0.95693934,-2.29136705,0.59005845,-1.46806002,-1.10711014,-0.44552475,0.47096804,1.26795578,1.74333322,-0.17831463,-0.25040638,-0.14834464,1.24946868,0.19538790,-0.17264655,-0.76206928,0.84262639,0.32418638,0.28955707,-0.22098890,-0.67617542,-0.95496851,0.25161245,0.33554882,-0.40122429,0.34391707,-1.18909109,0.69148678,-1.13705003,-0.58397865,0.52318317,-2.97981405,-0.22137833,0.29241875,0.57790196,-0.73537958,0.28233334,1.43032229,-0.49463207,0.22307082,1.21066201,0.37352917,-0.90828562,-0.59336609,0.85969216,-0.32067773,-0.03164259,0.61727172,1.05039465,1.47149360,-1.15341449,-0.66698152,0.45643848,0.45372277,0.20005307,-2.06773758,-0.17184012,0.19991863,-1.87005532,-1.13441718,0.00698260,-0.96076632,0.96215487,0.04391630,1.35127985,-0.66292274,-1.15111935,0.59145272,2.17448592,0.74904794,-0.81831157,-0.49747574,0.11029739
-2.10730457,0.45154366,-0.04691127,-0.48686695,0.46267483,-0.09075776,-0.15574265,1.68741393,-0.15196665,-0.02158468,-0.45543781,1.25053406,-0.99253768,0.91693538,-0.49362913,2.19447565,-0.49512461,0.64696878,1.19790649,0.69993699,-1.54502535,1.05532992,0.30453241,-1.28905153,-0.19929157,0.27223173,0.96578878,-1.38051486,-0.61209631,1.01529193,1.05148137,-2.25504184,-0.49855998,2.92470837,0.16355437,-0.16681311,-0.41680020,-0.31515321,-0.98815161,-0.68190926,0.02900814,1.19261622,0.08155032,1.82852638,-1.39091289,-0.58002830,0.02767185,-0.66195732,2.23552775,1.72169924,0.38458055,-0.29883528,0.07329215,-0.86772710,-0.22574842,0.94956005,-1.57219994,0.23033126,-1.02945137,-1.22328889,-0.02801492,-0.37246108,0.89075798,1.90198517,0.76273632,-0.15369445,0.03149174,1.53860641,0.81567007,-0.68413496,0.00882090,0.82678896,0.26557666,0.00268445,-0.47640869,-0.69836539,-1.28960335,0.18444428,-0.72333115,-0.98904634,0.37040719,-1.17180455,1.06062222,-1.38397110,-1.25594640,0.29713404,-2.64734054,-0.92696482,0.33383086,0.36383799,-0.85184658,0.29321933,1.77080965,-0.06610533,0.09576567,0.75825959,0.41560009,-0.73432583,-0.16930705,0.26523876,0.11652606,0.24303845,1.05037332,0.86280441,0.89988869,-1.00585246,-0.75460637,0.38379389,1.08142304,-0.21879797,-2.40021205,-0.61001039,0.39191148,-1.63468468,-1.29221606,0.03937373,-1.61899269,0.49881974,0.27281225,1.53948653,-0.55577129,-0.76090008,0.57027978,2.03777242,0.67792553,-0.65036315,-0.58711302,0.52822459
1.18502772,0.12429174,-1.01168454,-1.87979639,0.03452673,1.06059337,-2.15470314,-1.05715239,-0.75218749,-1.44610023,0.03519679,-0.70379496,-0.34261221,-0.95451128,-0.27313387,-0.83811247,0.23935410,-0.49830770,-0.62466472,-1.05496550,0.86134475,0.07072481,-0.55847746,0.75355107,0.99255019,0.23744740,-0.47157338,2.10333109,0.87892127,0.04969420,-0.28139162,1.17566609,-0.16723479,-1.05384886,-0.39220494,-1.41731834,1.76310718,-0.11684810,0.94087154,0.09512956,0.69653368,-0.05230579,0.47147056,-0.25616166,-0.68475366,-0.10901080,-0.12972401,1.89496422,-0.81761408,-1.70251775,-0.62883353,-0.73711872,0.06864928,0.82654649,-0.96059948,1.88317895,0.11678579,-0.13693894,0.19067745,0.25306159,-0.31711957,2.11110640,-1.25194252,-1.33627450,-1.94041955,0.65573287,0.89312232,-0.10835378,-1.61920416,0.50028062,-0.58482325,0.21672019,-1.16105068,-0.38185555,-0.28613657,0.12960619,0.94914538,0.44436631,2.19562531,0.55876374,1.43498123,-0.32096902,-0.99919909,1.82945585,0.61604488,1.54780126,1.19060826,0.01847208,-0.42770141,0.53120160,0.80227149,0.19318406,-1.96091473,0.05457162,-1.51169789,-0.19486320,0.32297456,-1.17748642,0.52375269,-0.77239645,-1.23772526,-0.51893687,-1.81646752,-0.71056688,-0.29872739,-0.05434174,0.05780914,0.80688775,-1.02207243,1.26573122,2.88659811,-0.18256475,1.28305614,-0.45048431,-0.07123637,1.50762355,1.69827187,0.78474987,-1.53051603,-0.24472362,0.20805369,0.65281409,-0.91177219,1.25428092,0.01601480,1.10639787,-0.87550193,0.26945150
1.05695319,0.46119985,-1.36043262,-0.86518490,0.29073849,0.70289588,-1.01202476,-0.45586723,1.18105435,-0.78573018,0.55341530,-2.30547404,-0.87119377,0.40775883,-1.00327265,-0.18498838,0.60665619,1.21580803,-1.29915154,0.41016418,0.39022028,0.74020624,-0.94022143,0.14929551,-0.49108693,-0.85139775,-0.44588894,0.53687233,-1.04402256,0.44128498,-1.08768439,0.36583591,0.51611149,-0.78478944,-0.08892450,-1.84803843,0.62440860,-0.96141112,-0.06738947,0.36147952,0.48369506,0.54715896,-1.19692087,-0.12439619,0.70021933,-0.12886007,0.50227743,1.49235713,-0.23985465,-1.42471015,0.27024662,0.86549312,-0.35272229,0.58413833,0.42809820,0.93514389,0.38156086,0.77353019,-0.73908293,0.25075278,-0.92255050,0.50976551,0.48893353,-1.15047002,-0.62321842,0.32939684,2.33753967,0.04066695,-2.25191474,0.74559456,-0.70403457,0.66728944,-0.93524855,0.41631076,1.04135430,0.90448505,0.95025504,1.86112499,0.49673939,0.91063154,-0.80324006,1.54197705,-1.08827460,0.72813743,0.74447644,0.12682608,1.92186832,-2.23806047,-0.61011517,1.17836940,0.98456031,0.83929425,-1.54374945,-0.52916485,-1.54527271,1.00872016,1.93796957,-0.40657812,-0.80637997,0.31991139,0.26477543,-0.17288493,-1.42345583,-1.90289497,-0.62467855,-0.86426574,-1.25538826,-0.25512832,-0.34551501,0.83730096,1.47104001,0.19916174,0.12039879,-1.56324649,0.75682849,-0.19631642,0.64459997,-0.50341868,-0.33534738,-0.95077562,1.30981493,1.27457225,-2.45618176,1.65583110,-0.68782842,2.22960496,-0.00435467,-0.40035310
1.38494539,0.63557696,-0.14523527,-1.25113964,-0.50063497,0.44415340,-1.56061876,-0.95058697,-0.23070340,-1.27493739,0.07368561,-1.80400467,-0.94438875,-0.07383238,-0.53199297,-0.36053979,0.85585761,0.30623850,-1.16895759,-1.04011440,0.82314706,0.17012621,-1.25241303,0.66627181,0.66267383,-1.14090598,-0.60625082,1.01086164,0.40469214,-0.05951422,-0.27822849,-0.09845682,1.08712614,-0.42110530,-0.94431430,-1.92606103,0.80861712,-1.22304964,0.67505580,1.03915322,0.81861293,0.54925436,-0.09139130,-0.71866691,-0.04516146,-0.35506344,-0.45756948,1.74906528,-0.21014380,-2.30774474,-0.13923550,-0.05548182,-0.14767352,1.22692144,-0.11917320,1.85987663,-0.93127656,0.60405922,-0.49888968,0.18180074,-0.62324136,1.71229637,0.15895888,-0.99893218,-1.60796750,0.36608449,0.88853282,-0.19308780,-1.87683547,1.04921460,-1.84312165,0.45774588,-1.35404050,-0.32084322,0.82384908,0.20164768,1.50796676,1.34772420,2.48198581,1.67793024,0.74928212,0.16994530,-0.49822286,1.38427675,0.64177960,0.71205807,1.11165702,-0.32736966,-0.22007364,1.32985401,1.09984446,0.55044729,-1.75187075,-0.14061944,-1.20573699,0.36131281,0.85578209,-1.08475018,-0.47900856,0.77763861,-0.75459003,-1.14272654,-0.84497112,-1.49168527,0.06665941,-0.44836497,-0.78578520,0.95560336,-0.99569821,1.70562613,2.27351403,-0.36909208,0.73628145,-1.54572952,0.19094248,0.57482749,1.10931528,0.46217731,-1.33722532,0.03554481,1.07593477,0.72454947,-0.92202574,1.28949642,-1.24674940,1.31043088,-0.35001814,-0.35289025
-1.85540450,0.79806238,-0.94461405,-1.39843452,0.25901622,0.22187369,-0.07178686,1.23942864,0.24015690,-0.45857421,-0.78006876,0.55931330,-0.74225825,0.65831620,-0.72241920,1.77088344,0.22527467,1.33833969,0.67680418,0.75862300,-1.12297118,1.46368504,-0.68083262,-1.13659406,-0.26801008,-0.58935863,-0.00463957,-0.87258124,-0.89376038,1.53224361,0.35636967,-1.96387529,0.39227381,2.92128229,-0.00435021,-1.36488223,-0.06486575,-1.48966491,-0.94748843,-0.42217019,-0.05047883,1.81342626,-0.02312337,1.29881310,-1.61093938,-0.12735413,-0.13804965,0.56906170,2.00782919,1.29233170,0.42917898,0.19928287,-0.62303400,0.07405878,-0.00727783,1.47443986,-2.06606483,0.24492712,-1.14020109,-0.93554664,-0.86940891,0.01667034,1.61464012,1.04221666,0.26629326,-0.17340925,1.30496204,1.72854519,-0.43952844,-0.27514002,-1.24820471,1.31657827,-0.33917981,0.85065699,-0.31740120,0.54783839,-0.88106197,1.10888040,0.21231917,-0.08208852,0.28737101,-0.36035195,0.78977042,-1.03688967,-0.08096527,0.48478234,-1.89612687,-1.26535797,0.31352493,0.95867550,-0.04708409,1.16652226,0.63755488,-0.03592205,-0.48006901,1.35187614,0.81466734,-0.84254616,-0.54458463,1.08088493,-0.34450188,-0.04594090,0.59976345,-0.08317427,0.38154086,-1.79259717,-1.23753691,0.06189574,1.21109807,0.67226446,-1.84112823,-0.70251119,0.17307320,-2.51876092,-1.29928732,-0.58995807,-0.93448329,0.46746671,-0.89197308,1.11908388,-0.57750487,0.18313769,-0.79021466,2.34259129,0.21352611,0.69547057,-0.56107241,0.18042074
2.24881887,0.05052392,-0.84195399,-0.32593021,-0.22657178,0.51770747,-2.27939034,-1.00476360,0.11821803,-0.46868983,0.94663829,-1.18948078,-0.48707098,-0.55111384,-0.48623201,-1.83246958,-0.32666913,-0.00543369,-1.05695045,-0.54144233,1.72618175,-0.38817191,-0.53959537,0.09001983,1.56578350,0.23115392,-1.11791658,1.52088988,0.42481628,-0.64241576,-0.84286898,2.67452407,0.37563097,-0.95058495,-0.73031819,-0.74029166,2.00277376,-0.27512047,1.16629159,0.34269157,0.56367457,-0.00057275,0.55676478,-0.70089668,0.04271564,0.19910091,-0.24881469,1.76302254,-0.61659282,-1.82273746,-1.09707355,0.27367002,0.64323848,-0.45845401,-0.16244069,1.24973416,0.42950350,0.21365477,-0.38340059,0.32741535,-0.21338102,1.13997281,-1.43165076,-2.16248369,-0.60634077,0.65263700,0.57801038,-0.22285061,-1.18480563,0.07412177,0.35684931,-0.02314864,-0.73617733,-0.83174735,0.43660742,-0.85986573,1.64571190,0.53800344,0.58115673,0.43446884,0.40447748,-0.11252248,-1.16342175,1.11167157,0.79442692,0.85113066,2.21293855,-1.41675067,-0.43337175,0.00228861,1.07616377,0.59138197,-1.98472416,0.34970307,-1.52184391,-1.22704673,1.77793181,-0.24015193,0.53576708,-0.55823183,-0.69050169,-0.25646070,-1.81495059,-1.34105599,-1.00857735,0.16940096,-0.18758678,0.25820154,-0.51085395,0.46605635,2.94494820,0.10304747,0.56903362,-0.37732404,0.65307283,1.30368912,0.36408210,-0.15881170,-0.72004569,-0.81315637,0.93426502,0.97861308,-0.92838031,1.28226924,-1.58194447,1.15470695,0.29513714,0.74750161
1.19529331,0.50932056,-1.05805862,0.33209580,0.38454652,0.43283913,-0.20690693,0.76096290,2.05446219,-0.33280212,1.07739270,-2.03030062,-0.72090900,0.11297233,-0.18144734,-0.05164102,1.00518632,1.53766596,-0.68522054,1.90310955,0.15012057,0.86452383,-0.08877373,1.23894644,-0.74551785,-0.08731116,-0.14196821,-0.39255783,-1.14979398,-1.12655663,-0.54246414,0.75077105,-0.03816471,-1.22747588,-1.41382349,-0.37274739,0.16314110,-0.81699735,-0.57323885,0.01223384,1.27130198,-0.77684480,-0.60731274,-0.28006622,2.05278969,-0.26928008,0.79044718,0.04913405,-0.66676271,-1.89966130,0.66443491,0.08334413,-0.06524446,0.37981728,1.57173181,-0.39930987,0.65952992,1.44511390,-0.58203375,0.06777323,-0.93496615,0.00031319,0.72828966,-0.46981063,0.29930925,0.02273555,0.32245094,-0.79490149,-2.35844564,0.59449190,0.38716522,-0.15146425,-0.40877539,0.35141614,-0.12615231,1.02341449,0.81240845,0.19617207,0.12779270,0.68707722,-1.37222123,1.73183632,-1.69194567,-0.21017097,-0.30594808,-0.86329144,1.84112573,-1.60015166,-0.26805812,1.28734219,0.57793438,1.59192252,-0.06376679,-1.60077322,-0.95333683,-0.44563121,2.28133392,0.44201815,-2.11734676,0.81248832,0.94905263,0.07020323,-2.13737035,-1.23674107,-0.91959745,-0.41859630,-0.91941971,-0.90362287,-0.73208922,0.47385603,1.40716004,0.96937454,-0.45399985,0.09587879,1.52364492,0.11858024,-0.63397616,-1.21343148,1.52689242,-2.19613314,1.52853465,0.26088634,-1.67959905,0.74542117,-0.87413716,0.73906904,0.64635104,-0.15222886
0.84032696,0.49957597,-0.84965867,-1.16833556,0.53043544,0.62508225,-1.40614438,-0.18144968,0.98167890,-1.28340793,0.70243204,-2.15228629,-1.08720422,0.35921857,-0.61835665,0.33070347,0.87355894,1.17911589,-1.16533899,0.83735961,-0.24959300,0.42182252,-0.77187073,1.24917352,-0.50232220,-0.67426109,-0.28871149,0.33144218,-1.14601684,-0.03162630,-0.86608893,-0.36427635,0.62245250,-0.65415829,-1.03100002,-1.77143192,0.72191620,-0.57225913,-0.15948188,0.54388821,0.71097577,0.80454624,-0.90892160,-0.20184763,0.93493879,-0.41166010,0.45422322,1.41380000,0.25691116,-2.06424761,0.40804833,-0.01739650,-0.20060408,1.45171428,0.55041879,1.01053143,0.61324638,1.11443198,-0.22618859,0.04580545,-1.12587285,0.86180359,0.61210781,-0.77763480,-1.22638905,0.16624629,1.58748734,-0.13620448,-2.51333213,0.26344341,-0.93267542,0.39540642,-1.21614456,0.05119611,0.53376240,0.97882801,1.02884459,1.29118514,1.44361961,0.86778390,-0.39408782,1.19525039,-1.37560153,1.20292819,0.27507168,0.26739693,1.90888739,-0.97192550,-0.57607180,1.87649107,0.64190644,1.34113300,-1.00583148,-1.14112949,-1.74574137,0.52486962,1.53598177,-0.68637615,-1.48268437,0.51717794,0.15496644,-0.27893242,-1.58529699,-2.02094698,-0.19304422,-1.18731022,-1.15171111,0.21476951,-1.07417417,1.31915021,1.93461072,0.20132293,0.41036898,-1.09371793,0.35018322,0.16137186,0.76271480,0.04232306,-0.06824655,-1.43039060,0.85529631,0.93687028,-1.72565746,1.61654961,-0.50651509,1.84145761,-0.56763369,-0.39270082
1.25378251,0.08325247,-0.70691621,-1.60576665,-0.08026785,1.40152371,-1.57878971,-0.53808701,-0.06304204,-1.34145033,0.56012708,-1.50872600,-0.77849197,-0.73274690,-0.25108090,-0.22932456,1.06051123,-0.25324813,-0.49259588,-0.46420398,0.14001743,0.25707638,-0.37262821,1.58876896,0.38696465,-0.45958251,-0.41504455,1.76716959,0.89477938,-0.22945289,-0.17982297,0.35161436,-0.21593857,-0.94738293,-1.14609373,-1.18610251,1.05909562,-0.41771567,0.60752463,0.43748969,2.02361155,-0.24138102,0.25126159,0.18248001,0.12629884,-0.81533509,-0.23443556,1.11483586,-0.90522480,-2.83561015,-0.20944451,-1.28636825,-0.21231773,0.56189233,-0.21509618,1.47714877,-0.15890156,0.98745036,0.10838800,-0.21064588,-0.60752398,2.28677011,-0.69891191,-0.89803314,-1.87154758,0.39003628,0.55332822,0.03836474,-2.49807239,1.21661639,-0.91795307,-0.03711284,-0.58377844,-0.19452067,-0.11783566,0.01358978,1.23976517,0.20326579,2.58998537,1.15637994,0.98591459,-0.32270485,-1.54750574,1.19438088,-0.28131956,1.22937369,0.47824371,0.06394853,-0.06221303,1.28522563,1.01656723,1.05818152,-1.74451482,-0.80250239,-1.42648792,-0.25552145,0.85117173,-0.86398333,-0.56710601,0.28483281,-0.52146333,-0.92102700,-2.11035275,-1.13203287,0.09319057,0.12464383,-0.12272295,0.43437937,-1.43624401,1.29660273,3.04495215,0.49749717,0.67662209,-0.59002048,0.26676062,1.59660006,1.44554543,0.38912228,-0.28987953,-0.60399938,0.60584092,-0.08314734,-0.70833051,1.17171276,-0.13033904,0.78804678,-0.81004781,-0.01825246
1.27232003,0.64578372,-1.38507724,-0.33087063,-0.10650967,0.47911745,0.09460285,0.91150135,2.29078555,0.01400104,0.92881858,-1.99544418,-0.64592534,-0.24264060,-0.85611957,-0.69045001,0.32696506,1.43059313,-0.69038826,2.15384793,0.77622789,0.39207718,-0.46500820,0.95291787,-0.53314149,0.18032618,-0.60337442,-0.00735586,-1.40845621,-0.03006344,-1.43879771,1.47111368,-0.51086849,-1.07285464,-0.77221620,-0.98855090,0.44511992,-0.50326604,-0.19005176,-0.39625314,0.60062683,-0.52555174,-0.87166262,0.10865838,1.46368885,-0.41986591,1.47531629,0.37230313,-0.05557893,-0.95002097,0.79707241,0.72330868,0.22323270,0.17956518,0.86171317,-0.83008283,0.99169838,1.44517517,-0.02419732,0.92756504,-0.65994394,-0.14913805,-0.14598918,-0.64344651,0.43963760,-0.19064027,1.49460268,-0.48915428,-2.01714611,-0.28229216,0.02989230,-0.21741848,-0.40167555,0.56212312,1.07025850,0.46752462,0.71819842,0.65475249,-1.26424563,0.28792623,-1.75174332,1.98360324,-2.28296709,-0.14503993,0.75664312,-0.60595471,1.76582694,-1.43729854,-0.33499017,0.62520963,-0.00323862,1.40078664,-0.39701849,-1.44972551,-0.97973669,0.31110796,1.89915848,0.33002546,-1.34891176,-0.00019881,1.05199003,0.49876431,-1.51234210,-1.41640186,-0.92896843,-0.99748957,-0.60906941,-0.86634701,-0.35204941,-0.10236333,0.54939187,1.08205140,-0.85686713,-0.03813370,1.50944316,0.16989934,-0.28654155,-1.22231543,1.93214118,-2.38178110,1.17413402,1.20525753,-2.19963956,1.01873219,-0.52212924,1.33269775,0.16871999,-0.44281679
0.82186913,0.21547106,-0.98668486,-2.40778995,0.47806758,1.01603878,-1.98407149,-0.86557031,-0.68352127,-1.19406629,-0.31620008,-0.66530132,0.27554846,-0.48282611,0.18725847,-0.70137233,0.86626834,0.20140944,-0.51318961,-0.68840057,0.54868937,-0.25090179,-0.73596328,0.62294877,0.35260016,0.06455941,-0.92433608,1.54197180,0.01234328,-0.05800577,-0.16046864,0.86824083,0.19983886,-0.85667819,-1.06573725,-1.87650418,1.79843521,-0.10531463,0.48949933,0.61623490,0.49202612,0.66440427,0.26934442,-1.02729666,-1.12478232,0.27535760,-0.24885510,2.36948824,-0.33297783,-1.45447409,-0.49515629,-0.39902893,-0.10934076,1.99926591,-0.56855375,1.89081252,0.49135959,0.25753134,0.57706541,0.01415051,-0.48100111,1.94553626,-0.53495914,-1.17896593,-1.87778234,0.10387960,0.97106600,-0.04091741,-1.74330938,0.10090268,-1.27702951,0.38978794,-1.55971634,0.02691022,-0.10613034,0.39384618,0.84828997,0.98445183,2.26769447,0.92839307,0.78195143,0.01224651,-0.34156018,2.22580910,0.85846841,0.99743587,1.50803554,0.39500716,-0.61649859,0.79411060,0.77633882,0.64324284,-1.69596839,0.18171416,-1.02759373,0.09281603,-0.38620856,-1.43288779,-0.03224411,-0.19692658,-0.81729186,-0.71519911,-1.16177380,-1.12382138,-0.61927891,-0.37192860,0.02494097,1.16645396,-1.15049314,1.35557652,2.52650976,-0.65705311,0.91498202,-0.59677207,-0.29859677,0.73360008,1.70212257,0.87481833,-2.11856270,-0.15126544,-0.24585539,0.88086265,-1.38395214,0.75890499,-0.08257055,0.81527066,-1.30024290,0.13082750
0.65490258,-0.37008464,-0.27124751,-2.18025541,1.02088666,1.11356759,-2.59094143,-1.12480187,-0.92536259,-1.13751626,0.34368268,-0.25721160,-0.23769973,-0.35586378,0.46803793,0.12472358,0.67403734,-0.18290783,-0.69821906,-0.88431662,0.05928165,0.49527931,-0.41696504,0.74357611,-0.18309425,0.28893325,0.10891096,1.40537310,0.58380508,-0.51266563,0.06478668,0.48677996,-0.22596563,-0.96460807,-0.96927059,-1.15931380,1.55509543,-0.03069641,0.39717302,0.13099381,0.35737538,-0.21361195,0.86308694,-0.96692890,-0.51077920,0.29352000,-0.65961909,2.36330390,-0.84685826,-1.71470010,-0.26738271,-1.06721556,-0.42089409,1.03260958,-0.42109615,2.04508567,0.61553591,-0.21340986,0.14736582,-0.65550774,-0.39957967,1.85709810,-0.48502070,-0.91764182,-1.92978442,0.10335803,0.23794951,-0.07859997,-0.81718332,1.30606925,-0.43973103,-0.00164931,-1.37600613,-0.46653876,-0.79703140,0.52653515,0.75750875,0.14094219,2.86472845,0.76689291,1.56205010,-0.77642852,-0.25346076,1.88877249,-0.60882801,1.44935727,1.21691036,0.77850729,-0.30781785,0.93058705,0.75147718,0.16710813,-1.28715026,0.55977756,-1.47557759,-0.41326118,-0.44089416,-1.09248877,0.09927461,-0.58426845,-1.27629149,-1.10012436,-1.45463407,-0.11876035,-0.79777789,1.13283050,-0.26210278,0.76587677,-1.25709891,1.09931910,3.23629880,-0.36577302,1.34209871,-0.50707239,0.03497376,1.12374949,2.13447666,0.77998257,-2.07751179,-0.10197838,-0.09112771,-0.02324861,-0.94227719,0.97666281,0.25582227,0.38280374,-0.34113061,-0.36664069
1.08769107,0.16358183,-0.92123169,-0.69671535,0.70288855,0.83056849,-1.12803149,-0.05496007,1.79877079,-0.57436240,1.21722674,-2.17023015,-1.27337563,0.36945820,-0.16894758,0.05230356,0.67503363,1.54754198,-0.85288250,1.15634704,-0.12623441,1.11181056,-0.84054708,0.78935975,-0.95812780,-0.50579011,-0.12347955,0.82423538,-0.47947538,-0.49242574,-1.19141054,0.63494831,-0.12585461,-1.70570254,-0.93143523,-1.17453241,0.82195288,-1.04826963,-0.01209342,0.04328939,1.18653727,0.26240531,-0.72662485,-0.23107338,1.75533533,-0.39629447,0.43254715,1.41567028,-0.87602919,-2.03111625,0.82039934,-0.00726082,-0.36979571,0.54531175,1.10958421,0.50300628,0.54267532,1.34833109,-0.08326603,-0.35698080,-0.98882437,0.68344504,0.70135880,-1.19186854,-0.11396034,-0.76105887,0.92591214,-0.79156500,-2.07664251,1.36396360,-0.20896654,0.10954402,-0.68138587,0.22369932,0.29194164,1.24506652,0.57191956,0.29920110,0.76637572,0.85120684,-1.23643887,1.19353235,-1.55976260,0.38468099,0.06062729,0.07317203,1.84103608,-1.32189548,-0.26582560,1.25766027,0.52615637,1.56927586,-1.25736260,-1.08108807,-1.63469899,0.34150484,1.91608191,-0.03048370,-1.60316598,0.44069001,0.12548906,-0.15884732,-1.57486045,-0.72549391,-1.11352026,-0.29766899,-1.20662010,-0.04810295,-0.87829047,0.49804273,2.27570629,0.68714517,-0.00623776,-1.34317589,1.40604639,-0.01928264,0.62334138,-0.73597008,0.44436452,-1.70293474,1.16370451,0.46703139,-2.10071301,1.63253677,-0.75938523,1.43887019,0.59593379,-0.67494947
1.06514645,-0.89298183,-0.62069517,-0.89456278,0.02385451,1.00907552,-1.98286235,-0.52381706,-0.28518263,-0.31292394,0.47547483,-0.19020937,0.46449098,-1.19333053,0.22320911,-2.17166328,-1.27460492,-0.73002374,-0.59726942,-0.43162188,1.59748483,-0.21040393,0.03788479,-0.19145697,1.80144477,1.33575249,-1.07996142,1.90434158,1.16499650,-0.58490038,-0.44882190,3.09219933,-1.09161377,-1.62508750,0.02843935,0.11126092,2.25893593,0.35206860,1.04691768,-0.67181540,0.59020567,-1.13683581,1.21372688,-0.47786915,-0.40592876,0.48636422,0.22935823,0.86698127,-1.43243694,-0.89084655,-1.11632955,-0.75502956,0.56184047,-0.30940470,-0.56746894,0.78500420,0.67834145,-0.04150544,-0.04861006,0.25988466,0.11791821,1.39560914,-1.96894991,-1.77370012,-0.56205863,0.79156679,-0.14702608,-0.34026673,-0.27546704,0.09493037,1.22725224,-0.26985335,-0.50101662,-0.56752276,-0.55608487,-1.09092200,0.41112158,-0.52608663,0.77608925,-0.14853032,0.83668673,-0.15357877,-1.18961811,1.44496536,0.43107826,1.32924139,1.01381338,-0.64863950,-0.07964551,-0.66760772,-0.22297917,-0.17702346,-1.86457229,0.95841497,-0.98262817,-1.35030222,0.70569474,-0.23743679,1.37001169,-1.63227499,-0.62819421,0.27417412,-2.53450441,0.47350699,-1.13805413,0.99383909,0.67586482,0.15863213,-0.50743842,0.21779704,2.93323350,-0.05192036,0.85966700,0.27403802,0.31844410,2.10755539,0.85935009,0.21650143,-0.41003588,-0.40098727,0.59770632,0.22813261,-1.20484161,0.93422687,-0.37440047,0.25028545,0.34133866,1.02692544
-1.74423313,0.09179530,0.20659630,-0.06178876,0.34820291,-0.33848643,-0.13894530,1.69930077,-0.16083388,0.26676583,-0.52463144,1.36403358,-1.00934267,1.23609054,-0.40209699,1.72640312,-0.90026814,0.47141069,0.94641459,0.56154454,-1.32522559,0.88684195,0.51416612,-1.45736170,-0.08421499,0.36879563,0.94676447,-1.42519617,-0.76808089,0.58527899,1.10272849,-1.73620069,-0.52097738,2.91935778,0.13775578,-0.29404730,-0.90763283,-0.13749608,-1.19314444,-0.35932937,-0.41776896,0.86699271,0.44966215,1.47418165,-1.19630635,-0.45909393,0.17328651,-0.69273192,2.48675704,2.28800726,0.29628733,0.04866361,0.28991365,-1.48706853,-0.12324478,0.68975008,-1.49310756,0.10792714,-0.88859755,-1.21011615,0.26444748,-1.12182021,0.75274330,2.03328180,1.01005447,-0.26225328,-0.37438467,1.10112834,1.49351668,-0.74035490,0.59122163,0.79657996,0.38712764,-0.00537781,-0.79607439,-1.21773839,-0.98682326,0.03125572,-1.33719563,-1.09865904,0.28218094,-0.95539409,1.32051516,-1.42577875,-1.56543207,0.08822297,-2.42592072,-0.74312878,0.27616516,0.32206258,-0.80457920,0.07226816,2.06642008,0.17442794,0.16000867,0.18052314,0.30691466,-0.27713522,-0.01274351,0.14545535,0.15570857,0.29705447,1.12891626,0.93826175,0.50999749,-0.40782520,-0.76866788,0.65142810,1.31241322,-0.52526903,-2.34180188,-0.96333700,0.07403991,-1.16869676,-0.90066874,0.36439523,-1.96259904,0.40179941,0.67562723,1.74354589,-0.27841815,-0.88399023,0.47641429,1.52816916,0.58256906,-0.84112620,-0.24677147,0.71037060
-2.12471056,0.46155927,0.30863041,-0.34295192,-0.18170170,-0.15404637,-0.01721189,1.36929107,-0.76658785,0.38244990,-0.62167376,1.00164223,-0.50689846,0.60319465,-0.52531123,1.44733679,-0.99542755,-0.31167570,1.06368482,-0.09135063,-0.56233835,0.69646883,0.02323559,-1.80632567,0.55059981,0.06246364,0.19036952,-1.00173914,0.21591644,1.09271193,1.00185406,-1.47321153,-0.23571250,3.40916252,0.32449824,-0.10290374,-0.45298767,-0.30669504,-0.64885014,-0.33959532,-0.12337498,1.01698923,0.51304078,1.58440638,-1.95902383,-0.24858400,-0.07326426,-0.79634410,2.01882720,1.75591719,-0.24990679,0.28763282,0.18485442,-1.11098850,-0.59934509,1.03727078,-2.29899454,-0.27680591,-1.26208544,-0.64322776,0.36229905,-0.31987906,0.80042344,1.43097150,0.84982347,0.10029669,-0.17845754,1.70010793,0.87695563,-0.64453286,-0.29927176,0.83593410,0.35004652,-0.07348482,-0.15877926,-1.23181486,-0.95478654,0.07809024,-0.68980527,-0.86650550,1.02883768,-1.30158842,1.68615699,-1.26302087,-0.74401653,0.43154728,-3.01014996,-1.15912473,0.43681687,-0.15538931,-0.66291261,0.15548602,1.55122650,0.65792364,0.40540296,0.49983048,0.23314381,-0.68851840,0.39458683,0.41020781,0.15350506,-0.11710309,1.39491212,0.49762046,0.84578741,-1.05436766,-0.83358258,0.88558817,1.65504384,-0.20513278,-2.01658392,-0.87404561,0.59690487,-1.68954766,-1.42479908,0.46462363,-1.71650207,-0.04662826,-0.32143781,2.27976203,-0.13596924,-0.64777160,0.87734306,1.52559638,-0.07422958,-0.58263940,-0.52917069,0.88197041
-2.15371537,0.69327641,-0.08804185,-0.24067034,0.19623673,-0.17769092,0.18707605,1.71716034,0.00506413,0.09438879,-0.72397345,1.42477512,-0.87475955,0.81219649,-0.56444770,1.83249271,-0.34666121,0.63946253,1.06707597,0.63822097,-1.38037050,1.03437316,0.16181578,-1.21513093,-0.00596625,0.13885474,0.68204373,-1.33568287,-0.89791876,0.97110778,0.84547585,-2.09393358,-0.23430382,3.15028596,0.08534703,-0.43440098,-0.47494090,-0.46485519,-1.25836468,-0.53801757,-0.06409002,1.35951686,0.11789052,1.63191950,-1.37518251,-0.43725598,0.00855410,-0.62797588,2.46300125,1.86307609,0.30398181,-0.05122362,0.15961681,-0.70913875,-0.08454930,0.85742915,-1.80319047,0.19430643,-0.92505622,-1.15492809,-0.01191170,-0.39764196,1.06413352,1.72112834,0.76680452,-0.32957026,0.09518497,1.29253030,0.90368521,-0.87107301,-0.16515131,0.73787874,0.33288899,0.08489975,-0.43571547,-0.85135800,-1.16986072,0.32239258,-0.93547761,-0.93383628,0.19900709,-1.21391034,1.22566116,-1.40922666,-0.84480447,0.16570337,-2.68929052,-0.76338422,0.30540574,0.14789808,-0.75913888,0.41948286,1.89199448,-0.10018732,0.23684643,0.81420898,0.36859649,-0.58900315,-0.12185386,0.57010967,0.05016001,0.31742403,1.39274704,0.71894741,0.77407116,-1.17333198,-0.75355548,0.51394504,1.13508129,-0.07663608,-2.48620677,-0.59830225,0.19551457,-1.46482778,-1.26774943,-0.15677136,-1.84082901,0.59243935,0.05854638,1.69585717,-0.63104308,-0.62190431,0.50828505,1.84411418,0.44634706,-0.66779709,-0.70025939,0.58933258
1.22936392,0.29771435,-0.52906346,-0.58843940,0.52191740,1.17297375,-1.44902039,-0.20448156,0.86832100,-1.13969219,0.84605968,-2.30897617,-1.58952355,0.55122596,-0.51458204,0.84121478,1.13719070,1.12525249,-1.16413212,0.51759380,-0.61929768,0.83487469,-0.53637230,1.48054349,-0.43789339,-0.79989815,0.33147514,-0.11778606,-0.59895432,-0.09148183,-0.46434680,-0.74159837,0.45834413,-0.95987129,-1.20695364,-1.55513501,0.52255583,-1.25931144,-0.20960943,0.65181148,1.02185214,0.40807626,-0.76502246,-0.29779691,0.89064705,-0.79525316,0.19381163,1.34915423,-0.50215590,-2.54841828,0.62627995,-0.49866033,-0.25421351,0.83904594,0.51853949,1.12450802,-0.03518754,1.11550725,-0.91401607,-0.18702197,-1.41380978,1.24087298,0.87387103,-0.48028773,-0.70466000,0.49737883,1.32812166,0.06543298,-2.09593511,1.10496461,-0.82183170,0.48492095,-0.96124101,-0.29724351,0.85570520,0.47608978,0.82079685,1.53145242,1.94104457,0.99283653,0.07700160,0.50731242,-1.02905762,0.84195441,-0.10558595,0.48453403,1.48675311,-1.28522968,-0.31480724,1.56153321,1.06358266,0.95229161,-0.85405856,-0.98067576,-1.96166253,0.66596985,1.75427580,-0.90737516,-1.54521585,0.50981700,0.31640023,-0.57821763,-1.62058902,-1.60314059,0.21095681,-0.74515080,-1.07060659,-0.15511864,-1.29686248,1.38265443,2.00373197,0.23727451,0.57529521,-1.00435472,0.32447618,0.22156446,0.61213785,0.02185056,-0.25962642,-1.13044441,0.84140146,0.17714922,-1.46635604,1.75301600,-0.46096835,1.78743207,-0.12664352,-0.91573423
0.39286739,0.64669597,-0.28634688,-2.74390483,-0.62396866,1.15146124,-0.75741249,-0.65323949,-0.96224564,-1.27604008,0.40756357,-0.72332460,-0.48324350,-0.83056229,-0.51588202,0.05073740,0.68485832,0.37662923,-0.34227166,-1.14032757,-0.02015307,-0.08030326,-1.47435069,0.93262827,0.76372457,-0.80686933,-0.32007661,0.85480201,0.39161059,0.18789315,-0.42896709,-0.74302751,0.89141536,0.83162665,-1.04406428,-1.59790421,0.60151809,-0.56869310,0.63126564,0.56191975,1.26685297,0.08324027,-0.13797705,0.36373195,-0.66273928,-0.82308930,-1.17209494,1.10927773,0.41700041,-1.60523927,-0.10053150,-0.85616058,-0.47030047,1.49177372,-0.39930359,2.24496531,-1.55213571,0.64815909,-0.32339486,0.03190833,-0.80929345,2.87524128,-0.21610570,0.12867163,-2.50466990,0.33380002,1.02719271,0.47933984,-1.57470632,0.34161219,-1.94886553,0.88476741,-1.04383397,-0.33264312,0.33476523,-0.22473080,1.39666617,0.87695181,2.85790563,0.99849737,1.06779289,-0.47126397,-1.21132064,1.62411821,1.14771926,1.33609581,-0.45166725,0.44152701,-0.12048446,1.27839720,0.21224938,0.59401643,-1.19344616,-0.02416476,-1.16992497,0.43928269,0.12497480,-1.50660896,-0.05612499,0.90373582,-1.01913142,-0.91032636,-0.71952242,-0.80274725,0.67013621,-0.55736011,-0.24737160,0.66241002,-1.29845870,1.62907982,1.37689114,0.02442170,0.83698785,-1.20726490,-0.58053809,1.26458681,1.31696987,1.31275630,-0.82503629,0.06271012,0.16352190,0.49150535,-0.20840262,1.30058205,0.09721493,0.72338432,-1.63755631,-0.25816032
0.87810314,-0.01641839,-1.27066445,-0.11349500,0.66365057,1.09381235,-0.56705827,1.02222550,1.84808671,-0.73327112,0.80555606,-1.73935628,-1.63623524,-0.29891917,-0.02858669,0.13746047,1.04913533,1.00968409,-0.97108191,1.74869597,-0.77971941,1.25384235,-0.29206496,1.79006553,-0.44603458,-0.31114626,0.66759580,0.70635599,-0.46694213,-0.11820770,-0.43269661,0.62464643,-0.23686691,-2.26458883,-1.15154386,-0.60805160,0.36815262,-1.25661242,-0.56516612,-0.78372502,1.78277075,-0.53037441,-0.71871185,0.03077615,1.77619600,-0.34117228,1.36577809,0.19337465,-1.20658886,-2.34150672,1.00583231,-0.95076472,-0.45162606,-0.31700528,1.14059424,0.22297429,0.18540418,1.45227277,-0.30255926,-0.49530920,-0.86589932,0.41678506,0.32763043,-1.37337184,-0.04471438,-0.24793400,0.44016638,-0.81309038,-2.08895302,1.35066891,-0.04166481,-0.57394505,-0.30093122,0.70076811,-0.59761989,1.23978424,0.19594409,-0.08993159,1.14544165,0.81181657,-0.94865322,1.54158080,-2.27257347,-0.45592397,-0.06516173,-0.06572646,0.71319568,-0.70757335,0.41203454,1.05564702,0.60279751,1.70146120,-1.01462352,-1.32927465,-1.03366780,0.04089915,2.19971800,0.21215779,-1.52124453,0.21423657,0.50868464,0.39348304,-2.29174805,-0.22342661,-0.65289688,-0.33846927,-0.51584089,-0.11199483,-0.41335443,0.13915449,2.01592255,1.33517122,-0.45018756,-0.39954707,1.33228648,0.46187222,0.42182994,-0.63030094,0.80028129,-1.50421464,0.98320097,-0.08190405,-1.77038205,1.36702085,0.30026683,0.79207271,0.46812215,-0.93182522
0.74837768,1.06658149,-1.93123043,-1.80139458,0.23585254,0.35987541,-1.00451458,-0.55951071,0.83572382,-1.06721210,-0.07355166,-1.35118473,0.00294628,-0.85928625,-0.37429699,-0.84281683,0.71980578,1.15758991,-0.45370910,0.51552850,1.30237949,0.69710892,-1.21533120,0.36935103,-0.33027560,-0.14629790,-0.93853152,1.19880426,-0.71184689,0.46229103,-0.87107533,0.83276838,0.84435898,-0.82638818,-0.03367831,-1.65631330,1.39691234,-0.75378954,0.86400861,-0.27045459,-0.51741445,0.66295356,-0.82392818,-0.28631943,-0.34446782,0.52865273,-0.09963264,1.91739321,-0.57388937,-0.62074316,-0.49029377,1.05726576,-0.52280563,1.82083344,0.20412222,0.94507825,0.37072903,0.19273660,0.10869364,0.61077100,-0.98638898,0.80416453,0.15728393,-1.48921132,-0.98394984,0.06590041,2.19777799,0.20572957,-2.39728570,-0.23342463,-0.89927220,0.62518042,-1.63879097,0.78648323,0.24886768,1.50058711,0.58965254,1.15907264,0.99413610,0.54369789,-0.32372221,1.20872653,-1.01785386,1.12269199,1.69953668,-0.01091201,2.09236646,-0.81401414,-0.54209685,0.77277845,0.66726953,1.09871495,-2.14242291,-0.19952534,-1.12820673,0.87903911,0.82732880,-0.72625893,-0.46120167,0.10270377,-0.54020619,0.06787618,-1.28047276,-1.22917128,-0.95380551,-1.50755370,-0.73431271,0.28583995,-0.00206806,0.89958411,0.80711263,-0.25211221,0.07545808,-1.05858755,0.27124378,-0.72123122,1.28477740,0.35673943,-1.36946297,-1.36364079,0.13993943,1.89061582,-1.90930319,1.38124812,-0.56241322,2.70162368,-0.53620148,-0.18441755
0.86624759,0.09888890,-0.27348626,-0.44891247,0.78571427,0.79042017,-1.18586087,0.03991444,0.99928123,-1.47027612,1.22138035,-1.75241375,-2.04460597,0.67347497,-0.64301002,1.52535796,0.98646802,1.63647068,-0.96023852,0.62394959,-1.05883646,1.01193607,0.13125272,0.88465363,-0.35366258,-0.87936103,0.69561726,-0.48738906,-0.53101635,-0.69175565,-0.16473854,-0.97018605,0.37592182,-0.45572159,-1.66610467,-1.41368127,0.01446402,-1.43136299,-0.20581114,0.67451531,1.22630858,0.06167788,-0.56297940,0.04662934,1.06709218,-1.21399271,-0.04473537,1.35696089,0.17909886,-1.98747218,0.83938682,-0.52803355,-0.22670624,0.29321399,0.85180950,1.31409693,-0.60009509,1.18253696,-1.42660213,-0.73369157,-1.20586550,0.86481631,0.91271102,-0.06588509,-0.55569571,0.57759583,0.68738443,-0.10780507,-1.55684793,1.45800614,-0.21874347,0.52910203,-0.61376739,-0.36336443,0.49942884,0.44360557,0.70843107,0.83111465,1.65272605,1.02559710,-0.43662825,0.36730301,-1.09429669,0.73031014,-1.03970778,0.03676654,0.65589315,-1.69323123,-0.40658891,2.02987146,0.87158918,1.25052273,-0.54983890,-0.69462860,-1.65582252,0.00189031,2.41043043,-0.38707286,-1.69422436,0.81438154,0.15433973,-0.65660352,-2.16592956,-1.15763986,0.31464437,-0.74271768,-1.03127670,-0.10764261,-0.96897620,1.51216269,1.45217562,0.08697332,0.46055260,-1.42943573,0.46114478,0.45649466,0.23922646,0.14573121,0.65332735,-1.12703562,1.52914131,-0.52970779,-1.22942257,2.24008608,-0.94137424,1.39730227,0.27478549,-0.37747550
0.53195924,0.87686187,-1.03461409,-2.94523215,-0.84024608,1.29165864,-0.99554896,-1.45938396,-0.54406846,-1.89412832,-0.21900469,-1.07479024,0.12320189,-0.79118586,-1.45075357,-0.45919162,0.93801469,0.04680949,0.47794098,-1.35982966,1.25613582,0.41407353,-1.28969479,0.10642310,1.11669171,-0.78419423,-1.39937901,1.26935208,0.47297737,0.10450409,-0.34288886,-0.52834141,0.40011171,1.02333617,-0.20233248,-0.62257957,1.65930438,-0.74033344,1.09188807,0.17642990,1.39323199,0.32608843,-0.47614250,0.90869975,-1.16317999,-0.78867519,-1.32783556,1.12969530,0.28460839,-1.12184298,-0.84531844,0.49180681,-0.47800556,1.77598763,-0.40495783,1.18728971,-1.51603568,0.08052671,-0.37874773,0.50826186,-0.58400095,2.65427637,0.07978178,-0.27755690,-2.18365192,0.17479734,1.19428492,0.40878835,-2.09875298,0.44497672,-1.78115022,1.26425183,-0.86989313,-0.52923590,1.46672523,0.12430229,1.15813613,1.01832378,1.86392248,0.93629777,0.55495900,-0.81514835,-0.48045245,1.36010826,1.87086475,0.93516952,0.57550740,-0.24507214,-0.32633218,0.40083674,0.40250030,0.07719523,-1.33640611,0.06768387,0.04289795,0.97490382,0.29912680,-1.61668539,0.17224251,0.59579146,-1.15389574,-0.94026417,-0.52293700,-1.00505054,0.66539639,-1.00335586,0.03999894,0.48373613,-0.93160188,1.12136543,0.14794424,0.14308986,0.80616105,-1.65564907,-0.37527320,0.41378832,0.82882965,1.07348967,-1.14027965,0.00052168,0.62069869,1.18180740,0.18521222,1.15327096,0.08037483,0.92488152,-1.12397528,-0.01355954
1.38568819,0.36520359,-1.09566963,-1.90111470,-0.17240527,1.13470984,-2.00103688,-0.69117332,-0.24473514,-0.88427818,0.60152584,-1.45066714,-0.49475589,-0.62526619,-0.37917522,-1.29215050,0.23847878,-0.04015644,-0.96325696,-0.08454714,1.38562095,0.01085895,-1.23459494,0.86853600,0.45529449,0.16906480,-0.72087014,1.92815983,-0.01336215,0.18163754,-1.08544648,1.59744990,0.29326841,-0.79829723,-0.93655509,-2.03507471,1.67515171,-0.31123942,0.55445427,0.16187650,0.40619648,0.15927254,-0.24904774,-0.38944685,-0.29667884,0.10075189,0.14148290,1.89374578,-0.02333336,-1.53911638,-0.70608628,0.29513004,0.08979449,0.79141092,-0.55087680,1.16591322,0.47827119,0.20700157,0.29686397,0.54588056,-0.45181155,1.88021791,-1.01677394,-1.36154950,-1.79262185,-0.00870190,1.59636927,0.08592296,-2.33327341,-0.21075588,-0.55676162,0.25654528,-1.19442904,-0.08565596,0.38421589,-0.09986880,1.47801733,1.09487438,1.20013666,0.68610388,0.49185833,0.20667769,-1.46689606,1.67346942,1.24583125,0.99038881,2.40484834,-0.42201349,-0.48678154,0.47523633,0.84675676,0.78374916,-1.97944629,-0.20578748,-1.45869505,0.03264064,0.79778475,-0.27430695,0.27182233,-0.23182158,-0.75821948,-0.41450238,-1.48635912,-1.29783297,-0.92404741,-0.31779817,-0.57873303,0.53906375,-0.88581103,0.78400975,2.39561105,-0.10624745,0.67857033,-0.88025844,0.49372905,0.81273627,1.52435362,0.03499367,-0.90280086,-0.83362275,0.49935606,1.57879496,-1.34392178,1.27630222,-0.27372476,1.71154690,-0.80382347,-0.15575711
0.55219311,-0.82298517,-0.52476418,-1.41807330,0.54775298,0.69347155,-2.05250049,-0.63483030,-1.19166052,-0.75496060,-0.13162097,0.68740779,0.66077739,-1.27719116,0.83093178,-2.03608894,-0.87695676,-1.07220411,-0.45040491,-0.82292509,0.93031889,-0.54950601,0.00122175,-0.17249435,1.48115087,1.34384131,-0.87460327,2.11898327,1.08574486,-0.89453954,0.10115276,2.67628860,-0.63706571,-1.20256221,-0.45951229,-0.13929471,2.04090333,0.50645351,0.67584807,-0.40960991,0.18511955,-0.66634655,1.61713994,-0.99568480,-0.73611259,0.84824699,-0.13107693,1.25019681,-1.15408874,-0.92942142,-1.35107899,-0.94059259,0.56353712,0.54450154,-0.52404797,1.60670900,0.78183991,-0.33944139,0.12717892,-0.00272441,0.33979678,1.17709684,-1.52788246,-1.41229403,-1.22649980,0.51448298,-0.71708912,-0.44349766,0.13579513,0.19185238,0.76058280,-0.30467606,-0.55987871,-0.39133820,-1.39477611,-0.93735003,0.47156978,-0.70519102,1.59314144,-0.01205709,1.66291702,-0.63472855,-0.39920092,1.81200659,0.03983229,1.21886051,0.68069893,0.47374102,0.22760260,-0.42605549,0.07896748,-0.26914299,-1.42321742,1.26684141,-0.66940516,-1.64111102,-0.19004910,-0.64231783,1.41227829,-1.14283478,-1.11778140,-0.07778900,-1.62121737,0.64408433,-1.36013556,1.35168934,0.66044515,0.70078999,-0.46349502,0.39204773,2.89684081,-0.21951650,0.91790932,0.69805348,-0.20395014,1.97876656,1.22925663,0.77711582,-1.63539183,0.15253642,-0.13201322,-0.01857052,-0.58664423,0.10349594,0.20924962,-0.47939569,-0.07268371,0.96983469
0.98786622,-0.40904137,-0.35484955,0.54815406,0.50945443,0.27022088,0.30434886,1.15015709,1.98855174,-0.11168720,1.30992675,-1.96905553,-0.61260748,0.05291821,0.19133759,0.03628951,0.16906972,1.02155304,-0.40829074,2.20759344,0.05798385,0.90673429,0.27486369,0.99547416,-0.73919719,0.37096325,0.57201946,-0.78756928,-0.78550756,-0.74301225,-0.34669596,0.84012532,-0.70688558,-1.44019341,-0.70212305,0.41688558,-0.67028362,-0.28032321,-0.58265477,-0.66352242,0.96432555,-1.73279428,-0.65489340,0.03023456,2.45754194,-0.57198888,1.23191011,-0.67104518,-0.95111763,-1.09930134,0.75562274,-0.09116778,-0.30629274,-0.94069034,1.19227231,-1.13422668,0.44461057,1.12845600,-0.70926231,0.12515256,-0.62871051,-0.52624065,0.29384512,-0.27365237,0.88186258,0.33505505,-0.41257223,-0.89043337,-1.03428984,0.64673156,1.20213938,-0.49173012,0.21309280,0.27993193,-0.38380811,0.82925195,0.20122434,-0.89847666,-0.55942822,0.23789547,-1.28986835,2.00412416,-2.11936331,-0.46831813,-0.71512389,-0.89115298,1.32880330,-0.86128151,0.14349830,0.93771553,-0.66951740,0.80111355,0.40980336,-1.06817091,-0.84486365,-0.89558423,2.16794848,1.27836096,-1.44430912,-0.28786883,0.99153674,0.28530169,-2.55916643,0.21133366,-0.59393620,0.38879091,-0.54204065,-1.53329229,-0.42178747,0.09220403,0.71277308,1.23686063,-0.67824733,0.27979147,1.76565611,0.63091207,-0.49063787,-1.46987295,2.66852140,-2.29820013,2.05760145,-0.12716851,-1.61999846,0.61884105,-0.54627633,0.70979500,1.29202962,0.00330720
0.26098081,-0.73211014,-0.54669029,-1.88866079,0.40247333,0.66534030,-1.82554722,-1.30058396,-1.31736445,-0.56725359,-0.28506655,0.90715933,0.77874959,-1.20050073,0.61728936,-1.96215463,-0.75059927,-0.97507250,-0.33883363,-1.34728944,1.06054580,-0.31155613,-0.22746788,-0.32380858,1.59235644,1.12038755,-0.83170688,2.41313171,1.23526406,-0.50239825,-0.00858193,2.06455851,-0.45928398,-0.87510675,0.04463429,-0.40182742,1.92448139,0.51201004,0.90686929,-0.28151283,-0.29649282,-0.55019325,1.39036644,-0.64685667,-1.22558570,0.89836609,-0.42593634,1.38397563,-1.19892979,-0.30007923,-1.20003152,-0.80383730,0.36936897,0.67215657,-1.01904058,1.51327443,0.40106377,-0.96848047,0.25137115,0.19363926,0.27117160,1.46040690,-1.56055486,-1.17142129,-1.53094685,0.37556934,-0.28772092,-0.17116736,0.43195865,0.23046722,0.51615292,0.10406214,-0.61548209,-0.53384787,-0.95375741,-0.63086951,0.29666349,-0.33065468,1.54541016,-0.24739069,1.73992825,-0.88173264,-0.14891027,1.64540172,0.56066751,1.47025168,0.66658366,0.37852216,-0.05574591,-0.66587049,0.09960335,-0.73960423,-1.56180048,1.58712316,-0.64946151,-0.87407070,-0.67483288,-1.08047628,1.90666890,-1.33265495,-1.53254640,-0.14646891,-1.15664339,0.77772856,-0.83096123,1.33915186,0.70113039,0.77232045,-0.57703888,0.52093488,2.46882153,-0.48336866,1.16253722,0.23520528,-0.44443220,1.67089248,1.56201470,0.78244454,-2.11849284,0.63021564,-0.21694019,0.37730464,-0.48196971,0.01003153,0.45712113,-0.21404234,-0.23477975,0.66583067
1.53849483,0.13114476,-0.90119451,0.66271150,0.14950058,0.71213430,-0.96866429,0.27751398,1.60565472,0.18954673,1.37455082,-1.80868852,-0.78537989,-0.41075197,-0.45235568,-1.37783670,-0.75407672,0.44042617,-0.95010895,1.31474578,1.18131316,0.69740576,0.12186524,0.05151522,0.59677136,0.38305724,-0.03247335,0.18898275,0.21968861,-0.63654089,-0.91922790,2.43648267,-0.78701746,-1.34056652,-0.01982462,0.20276017,0.71390468,-0.70749980,-0.20603077,-0.54180604,1.22624254,-1.66112006,0.01680575,0.04714345,1.76778245,0.41625398,0.89655524,-0.21796654,-1.57051122,-1.46403575,-0.04951093,-0.38244617,0.04341368,-1.40473497,1.05684090,-0.12462239,0.54732978,0.63523751,-1.10588944,-0.04281592,-0.09735625,0.01263637,-0.71109718,-1.52870333,0.94532490,0.75653642,0.16467309,-0.62975067,-0.96000856,0.74893337,1.08341718,-0.50511163,0.23534822,-0.35966548,0.04343639,0.24461082,0.28925192,-0.37106252,-0.27004912,0.15076487,-1.09942377,1.31018674,-1.98074925,-0.11152859,0.08893155,0.03704747,1.18836403,-2.59179449,0.51794785,0.56374311,-0.27454942,0.50070995,-0.77526861,-0.25789106,-1.17811263,-0.75939006,2.83969331,1.29193079,-0.47032154,-0.69982666,0.50171113,0.94309491,-2.77295995,0.01955515,-1.06074798,0.29171941,-0.23408861,-0.76576012,-0.12360331,-0.32761571,1.68590498,1.38810658,-0.17900108,-0.08839563,1.49923420,1.11211109,-0.63651484,-1.25657833,1.16400623,-1.66904759,1.88199127,-0.04475364,-1.91249907,1.47370064,-1.33373797,0.84273821,1.55202103,0.37011045
0.17565715,-0.74036330,-0.41456205,-1.94717669,0.50418365,0.92812318,-1.98215806,-1.08040774,-1.34159994,-0.72026598,-0.05620432,1.03805912,0.68973100,-1.23679602,0.57668126,-1.92253411,-0.89963180,-0.86370504,-0.34597808,-1.22928619,0.70883030,-0.26402661,-0.31979325,-0.17019983,1.64946747,1.28636885,-0.77566969,2.23433065,0.91198164,-0.55716085,0.09585205,2.35433269,-0.54396117,-0.84400284,-0.28822520,-0.40122715,1.94429326,0.65426362,0.71869075,-0.36232093,-0.06244280,-0.67671001,1.41814816,-0.65499640,-1.11569917,0.80159080,-0.29060188,1.38736475,-1.12320065,-0.33771431,-1.10535860,-0.98898935,0.44174755,0.82198197,-0.85040641,1.51754797,0.52828056,-0.88744670,0.24346840,0.16963422,0.14222813,1.57516932,-1.45358300,-1.36011195,-1.47379684,0.50097561,-0.28784347,-0.37152869,0.27153274,0.30894709,0.71985710,-0.12506247,-0.65024954,-0.65885776,-1.30393255,-0.81703544,0.21518569,-0.36111376,1.64870059,-0.10737076,1.42827427,-0.90533149,-0.24858452,1.66365457,0.61121184,1.52259469,0.42349270,0.41192815,0.02101604,-0.58369303,-0.01000687,-0.43134746,-1.48010135,1.43484843,-0.47782850,-1.16422844,-0.57101613,-0.82482189,1.85501420,-1.38280678,-1.28300238,0.07159729,-1.25628233,0.85198432,-1.07593584,1.22635138,0.69392097,0.86099535,-0.61251336,0.34262788,2.59619808,-0.53298897,1.17174089,0.30711591,-0.34285817,1.73290360,1.50024259,0.99597871,-1.91261470,0.42895648,-0.16727982,0.29323903,-0.48909882,0.11260403,0.58502287,-0.59809840,-0.29134846,0.64881068
1.31831741,-0.56247503,-1.11690593,0.74589163,0.44399899,0.47094065,-0.93801677,1.12394536,1.89331555,0.42289636,1.43621075,-1.61586761,-0.47214818,-0.30361223,0.12779935,-1.54995656,-0.40500411,0.28407043,-0.70004487,1.47916949,1.19261599,0.35601190,-0.25031865,0.01084505,0.16188680,0.48812276,-0.46867523,0.60251093,-0.19526814,-0.62643313,-1.07586849,2.64670396,-1.38207710,-1.82715058,-0.42298838,-0.26900953,1.20493448,-0.00137437,-0.15021789,-0.66632783,1.30568838,-0.99545938,0.47502241,-0.20484190,1.83596635,-0.00230887,0.88812178,0.19743817,-1.06942046,-1.23586762,0.11348068,-0.14978722,0.53639364,-1.21332586,0.69591606,-0.38647273,1.38960409,1.26592863,-0.23284762,-0.20333065,0.01916490,-0.00359147,-0.57739711,-1.67361617,1.20829892,-0.03100733,0.12334239,-1.35510516,-0.81614506,0.48063913,1.31999469,-0.41209501,0.01609708,0.38232538,-0.22020335,-0.11557077,0.19961651,-0.33661523,-0.61825788,0.50083405,-1.35666919,0.95083117,-1.80673754,-0.30640021,-0.08007334,-0.47771910,1.49134147,-1.67425466,0.20974103,0.19248444,-0.19437617,1.26209438,-0.67758906,-0.51328552,-1.23470473,-0.73783904,2.37587976,1.21002889,-0.63388741,-0.97166723,0.38500729,0.21643177,-2.38625050,-0.19978601,-1.83715439,0.89813495,0.04293042,-0.78072488,-0.33025369,-0.47464895,1.97406363,0.85178143,-0.22043262,0.17962302,1.74848974,0.94966769,-0.85045755,-1.33122396,1.47615290,-1.74050105,1.66352236,0.38548735,-2.03968811,0.72353858,-1.15670717,0.47027299,1.32337594,0.45611107
0.65549511,-1.43833804,-0.30161792,-0.43356058,0.48130456,0.96704394,-0.69264090,0.19516361,0.10642503,0.20571011,1.01388299,0.38828719,0.92205763,-1.47534180,0.96752858,-2.18710065,-1.27736127,-0.52866751,0.05210186,0.41502529,0.95921212,-0.07788894,0.24804051,-0.37217736,1.39377105,1.60878980,-0.60661703,1.28153586,0.86791110,-1.17081332,-0.33204550,3.06797051,-1.45923638,-1.56847119,-0.55330318,1.43109560,1.02657509,0.63189816,0.61918586,-1.42907357,0.98371863,-2.17569375,1.37141633,-0.66559368,0.64306539,0.60448009,-0.03082553,0.02080000,-1.39599478,-0.26028052,-1.03354180,-1.05242622,0.49073201,-0.95555025,0.53082371,-0.08926040,0.74401361,0.05158572,-0.28719303,0.20869938,0.33213839,0.68464619,-1.49950778,-1.14871871,0.02871565,0.60383111,-1.35157037,-0.76099408,0.43574071,0.30017805,2.18159294,-0.85424525,0.37719935,-0.34860259,-1.27256787,-0.90433323,0.33582211,-1.90093088,0.31452200,-0.54220712,0.23235206,-0.00956952,-1.08397770,0.56784302,-0.05587475,0.49923876,0.22142386,0.12989286,0.31095973,-0.89520752,-0.66474605,0.00697536,-0.71745950,1.16503525,-0.02243774,-2.35211802,0.80052257,0.87243855,0.87387097,-1.30402589,-0.39377037,0.42131606,-2.46450925,1.43410695,-1.58567941,1.86927426,0.77176076,-0.69834143,-0.47101045,-0.35241070,1.85462892,0.87608337,0.09513623,1.13746309,0.68084764,1.95134199,0.30110115,-0.59617704,0.61606622,-0.96344674,0.24899414,-0.54751587,-0.81340069,0.09400912,0.16543068,-1.00174654,1.24057269,1.16138971
0.93975931,-0.00479226,-1.03919613,1.13546181,0.26689175,-0.02545386,0.30812159,1.10007989,2.52140117,0.73141694,1.06101620,-1.67507291,-0.15014459,-0.10877030,-0.10424145,-1.18237233,0.01213377,1.31635082,-0.48619190,2.28890705,1.04917669,0.74079180,-0.28876776,-0.00880104,-0.35304821,0.41932154,-0.36759311,-0.43331867,-1.11416698,-0.91514558,-0.89622229,2.00323534,-0.49082136,-1.22595406,-0.22505744,0.18587247,0.31836522,-0.65809911,-0.42479751,-0.52300048,0.57542932,-0.83720797,-0.57251656,-0.30887792,1.56380057,0.40264592,1.17043769,-0.24040176,-0.82641721,-0.44535714,0.21635927,0.74215686,0.13797775,-0.58790773,1.44422090,-1.38701475,0.38686943,0.86644346,-0.70110995,0.43370721,-0.38909170,-1.02408552,0.34817278,-1.09792340,1.72451711,0.07781272,0.25094256,-1.03891289,-1.15479910,0.22101241,1.00680959,-0.04831440,0.19849190,0.65239239,0.29380009,0.69843823,0.13419417,-0.06312483,-1.52857399,0.23636664,-2.07303500,2.26132345,-1.36119366,-0.67778027,0.59926808,-1.45874333,1.47693634,-2.05069900,0.20840095,-0.02300384,-0.17859529,1.11924422,-0.30788243,-0.61536312,-0.41669032,-0.33867404,2.13934159,1.02184200,-1.12538755,0.00313709,1.03316820,0.71077353,-1.68471980,-0.42241228,-1.50994825,-0.29765350,-0.70082730,-0.67369449,0.36172849,-0.63382310,0.38755190,0.99139899,-0.95066386,-0.03390990,1.74842644,-0.34313834,-1.23723543,-1.85423362,1.92096269,-1.79828823,1.56525278,0.86810660,-1.94194317,0.29306528,-1.32864404,0.65123963,1.32943916,0.06323291
-0.00640479,0.75846058,-1.01483417,-0.35107619,-0.31209388,-0.33932093,-0.09404908,1.17830777,0.96785069,-0.42991596,0.01239961,-0.06016669,-2.20485425,0.84149295,-1.64364827,0.65058339,-0.23792507,1.32572508,0.42373791,0.64657331,-0.09024739,0.89903915,-0.42785916,-1.00733018,0.60600001,-0.86230505,0.52872241,-0.96699739,-1.30892813,0.33852130,0.30575278,-1.75532138,0.00229020,2.85570240,-0.41905150,-1.37844062,-0.64062935,-0.99475777,-1.21424329,0.45230529,0.42207554,0.69725353,-0.05592550,1.85140038,-0.94032204,-1.16058218,0.54405957,-0.40452158,2.63223910,1.46977150,0.72193235,1.08166420,0.81233722,-1.36934376,-0.55727786,0.56784594,-2.17295551,0.60477000,-1.27053797,-0.66117978,-0.14802361,-0.65996289,0.31338304,2.20193267,0.47469416,0.15284504,0.63987768,0.78606838,0.38578746,-0.58960301,0.19249910,1.11083901,0.31479511,-0.12390871,0.55415648,-1.81529570,-0.06390069,1.43553865,-1.32379138,-0.06543373,-0.03353053,-0.96784651,-0.01275303,-1.50121117,-0.10932475,0.13286439,-1.36762834,-1.96645379,0.54440576,0.69855934,-0.09582140,0.46645692,1.48135543,-0.80956668,-0.73266619,0.11290481,1.88787520,-0.38125330,-0.26138386,0.60718387,0.26714975,0.23425037,0.87376952,-0.37757206,0.34933281,-0.84232044,-1.05086613,0.54396951,0.58108735,0.53521955,-2.29807639,-0.33667669,-0.00105625,-0.98310494,-0.41495314,0.44612384,-2.88117027,0.11815675,1.55007172,0.98015875,1.39651036,0.25696954,0.34383062,1.96436644,-0.58432978,0.21118687,-0.55074710,0.38361877
0.52241528,-0.13566858,-0.17859466,-2.33003998,-0.01712587,0.85797530,-1.80216324,-1.37190294,-1.43793821,-1.15683854,-0.46205086,0.18143633,0.36932158,-0.81994992,0.38581425,-1.08600020,0.60711306,-0.57655406,-0.41131169,-1.94474852,1.05522728,-0.01227593,-1.02610183,0.35701558,0.77747512,-0.27223799,-0.94756281,1.94040263,0.75612783,-0.03409476,0.04384793,0.74397135,0.58283156,-0.38557950,-0.78393847,-1.37566650,1.24147081,-0.30998775,0.87750757,0.31678787,0.07701750,-0.01800789,0.65514040,-0.99807048,-1.41509604,0.61774164,-0.83789140,1.84253585,-0.39653838,-1.04889929,-0.68905085,-0.20704907,-0.22205018,1.41838944,-0.64853203,1.88254964,-0.48281145,-0.41752562,-0.00892664,0.10630331,-0.12416328,2.05025506,-0.53772759,-0.99107814,-2.45837164,0.34316766,0.43932152,0.25555065,-0.95461679,0.64598954,-1.28572917,0.32014549,-1.09707761,-0.23859183,-0.16546151,0.11288529,1.25666928,0.73217636,2.58237576,0.63168645,1.61375082,-0.72231084,0.14543124,1.83892608,1.10507882,1.07536471,0.57519776,0.94139695,-0.26674217,0.21086594,0.98444408,-0.33284214,-1.98331499,1.23691583,-0.46185040,-0.27154160,-0.86495745,-0.89840496,0.93164772,0.01571374,-1.41646802,-1.02423692,-0.64831454,-0.58616686,-0.41684908,0.46904823,0.02917541,1.37747872,-0.63027066,1.24422419,2.22923827,-0.58568162,0.79535693,-0.77235359,-0.47998342,0.81255841,2.24002194,1.03742254,-2.64962244,0.61705232,-0.13196981,0.70294797,-0.32830366,0.31036434,-0.05636834,0.43255249,-0.89655018,-0.02749258
1.21413732,0.91816926,-0.92373276,-2.02235413,0.22628929,0.48491210,-1.90582490,-1.32850754,-0.27757928,-1.49433970,0.02246879,-1.63200283,-0.41564041,-0.04996853,-0.78903157,-0.54181141,0.42121866,0.57494658,-0.68435013,-0.62477410,0.73931634,-0.00128007,-1.29122341,0.21935707,0.06028939,-0.78893501,-0.68226266,1.09181499,0.01856584,0.02177799,-0.56467271,0.43171567,0.65018713,0.00005233,-0.46165606,-1.76746893,1.42196536,-0.34697396,0.74966633,0.70282549,0.26332921,0.68447429,-0.19946806,-0.26037177,-0.25174084,0.31752941,-0.68298560,2.20650411,0.21365292,-1.64062345,-0.34200674,0.63992059,-0.50143123,1.50597310,-0.53984189,1.64112651,0.39214829,-0.13904703,-0.10651103,0.37630296,-0.53593934,1.62658656,-0.06236809,-1.40209091,-1.83485162,0.43944317,1.67405617,0.03368115,-1.94233811,0.34061381,-1.20546806,0.59313184,-1.43380916,-0.55367553,0.69932741,0.76309723,1.07453001,1.31180727,2.00421405,1.11067677,0.60482252,0.23659042,-0.82431769,1.84074008,1.02533293,0.73918319,1.99464715,-0.89203507,-0.59388405,1.34831524,0.93289465,0.65472829,-1.78310537,-0.21681422,-1.53926694,0.45310551,0.59423494,-1.02178729,-0.15272820,0.20311725,-0.97440797,-0.88302922,-0.93868238,-1.58048916,-0.61485779,-0.46478531,-0.39001513,0.46585265,-0.81407356,1.36276054,1.99285257,-0.25933293,0.76286978,-1.34310925,-0.03990386,0.36762685,1.08125997,0.46295351,-1.78461850,-0.34548807,0.95528644,1.32291484,-1.35193539,1.36902702,-0.63298440,1.57476044,-0.75055802,0.18347412
1.47460830,-0.33779448,-0.47062996,-1.13260734,0.58263308,0.91582972,-2.62435842,-0.97238845,-0.42080429,-1.10022581,0.56775463,-1.31597555,-0.74049067,-0.46914667,-0.01625457,-0.62772608,0.20147644,-0.57089084,-0.97747892,-0.95762861,0.76577675,-0.02576562,-0.38222763,0.45832998,0.63513094,0.00985738,-0.63025898,1.71350658,0.93364537,-0.65668845,-0.21974547,1.38510382,-0.50383013,-1.19941103,-0.87962943,-1.14200389,1.68236077,-0.17036571,0.74916029,0.51962698,0.97602409,-0.13235860,1.03477418,-0.80846298,0.08280402,-0.20474835,-0.38202438,1.97731447,-1.06210816,-2.17503452,-0.41834944,-0.59525836,0.10351767,-0.08005630,-0.37134296,1.84329760,0.60772860,0.38893384,-0.04415581,-0.49975324,-0.01116641,1.60013187,-0.73096913,-1.43897319,-1.36049235,0.29497206,-0.10205781,-0.49940675,-1.18109524,1.16647911,-0.10108382,-0.12264467,-1.00325501,-0.49421343,-0.44285578,-0.37933293,1.33124685,0.23263723,2.21646261,1.18118370,1.27805674,-0.66949612,-0.72745758,1.53297424,-0.49496916,1.22691488,1.35256624,-0.20616625,-0.24314277,0.87191170,1.23232532,0.39502642,-1.57705700,0.21661377,-1.70637190,-0.89841020,0.91361874,-0.57089365,-0.00601690,-0.38116288,-0.84475225,-1.14699364,-1.86341071,-0.78739929,-0.97272879,1.27690864,0.01756912,0.61076570,-1.09798992,1.00056469,3.66380048,-0.18446194,1.26088500,-0.39997703,0.60776627,1.68659449,1.03165507,0.23314933,-1.16141820,-0.31585002,1.01604438,0.08779648,-1.13355887,1.11372614,-0.71876222,0.56458580,0.06574376,0.37149727
0.65108716,-1.08927131,-0.43385768,-0.70026094,-0.13324285,0.75363427,-1.09043622,-0.40475756,-0.64095253,0.18507238,0.35550445,0.74910629,1.09328485,-1.54082847,0.73997545,-3.01240349,-1.33654964,-1.08152604,-0.14745148,-0.81135452,1.72739410,-0.35618603,-0.06729793,-0.72062200,2.11584830,1.56799984,-1.27512145,1.94411826,1.20061624,-0.85073990,-0.08352556,3.24881458,-1.00115263,-1.16841352,-0.02324271,0.53631240,1.70073307,0.56511158,0.88870960,-0.74878144,0.46307057,-1.54176021,1.58239603,-0.72712284,-0.45157039,0.66220647,-0.07254626,0.27558514,-1.40904284,0.04451928,-1.39512444,-0.66690010,0.69829142,-0.36757040,-0.46412641,0.49443161,0.35936227,-0.26450655,-0.06908645,0.43842548,0.55211610,0.89178663,-1.73819005,-1.22731459,-0.44253781,0.60570621,-0.88060606,-0.70897144,0.59727114,0.04143362,1.52770114,-0.18012530,0.04598082,-0.32156816,-1.01284313,-1.37463737,0.46659541,-1.03815806,0.59121507,-0.35775515,0.68326402,-0.38437277,-0.45472333,0.99279457,0.68597811,0.84708339,0.06797804,-0.04450860,0.37903208,-1.29004991,-0.41989130,-0.49314716,-1.39803624,1.64408624,-0.04711685,-1.87918496,0.36603227,0.10923815,1.72919810,-1.38200271,-0.79212618,0.27070135,-1.86364782,1.17662930,-1.54194486,1.53106892,1.00825858,0.33082598,-0.10184264,-0.13455987,2.07719445,0.15553536,0.31544715,0.83772743,0.09919591,2.01092815,0.37280613,0.01701956,-0.55238587,-0.06089638,0.08684880,0.10325440,-0.72130996,-0.19385819,-0.09973488,-0.94007540,0.56977040,1.32340038
-1.53308797,0.22502719,0.22048058,0.10745074,0.09657289,-0.38563150,-0.08066408,1.61224723,-0.01535288,0.52713293,-0.47828090,1.43000734,-0.97553092,1.10698116,-0.40801641,1.41910970,-0.80867445,0.42818227,0.93462604,0.48356771,-0.80487168,0.81920755,0.38286132,-1.66925919,-0.04990287,0.37583512,0.70331138,-1.41099060,-0.71969235,0.43363687,1.06134963,-1.51278460,-0.43533546,3.06963062,0.21872252,-0.17321646,-0.81118816,-0.20420703,-1.16401649,-0.21059024,-0.41339317,0.69659203,0.56638283,1.37917459,-1.29131532,-0.25690207,0.15886173,-0.78745437,2.39662409,2.38677549,0.22133997,0.33855656,0.42914921,-1.59068751,-0.09080067,0.36261910,-1.66771245,0.07942080,-0.91226393,-1.09086776,0.39422259,-1.25460136,0.73011822,2.02725601,1.16601956,-0.32267252,-0.44298172,1.02590013,1.62444758,-0.68734360,0.64507473,0.83197087,0.47818318,0.05551116,-0.55241233,-1.27068746,-0.91750634,0.06349777,-1.64054453,-0.99317902,0.18486878,-0.90933192,1.44542491,-1.60708106,-1.32580698,-0.05884826,-2.39442873,-0.89465618,0.40176252,-0.08992893,-0.72086078,-0.16623740,2.12700510,0.18712291,0.42155156,0.12821594,0.18073171,-0.20546506,0.07249857,0.27442914,0.23811957,0.24254791,1.30864239,0.85381240,0.32592979,-0.29304862,-0.75651717,0.61971879,1.51380992,-0.62889594,-2.51991987,-0.96605587,-0.16641119,-1.14664209,-0.75439990,0.23220778,-2.31981945,0.22875084,0.63596058,1.81326568,-0.04593177,-0.71690297,0.44538975,1.22698319,0.45846421,-1.07870758,-0.11736410,0.69073677
-1.91883075,0.46172622,-0.30991617,-2.15897584,-0.08240078,0.12976818,-0.46160507,0.52519751,-1.40641439,-0.16280557,-0.86516708,1.39214420,0.09948239,-0.19026935,-0.45538089,0.12731901,-0.20676546,-0.13133542,0.87885749,-1.26180005,0.07766879,0.49465162,-1.06439281,-1.74893951,1.09900904,-0.18776833,-0.68938714,0.24807905,0.17091504,1.07450807,0.91482550,-0.80742997,0.35875440,3.17447042,-0.35676962,-1.48730564,0.51546657,-0.39487389,-0.52644593,-0.01928918,-0.14258337,1.17594337,0.87754220,0.95319408,-2.65394449,0.04324496,-0.63385588,0.63227063,1.97260761,1.27074015,-0.61483997,0.45598069,-0.10413405,0.40206948,-1.20478022,1.99156129,-2.24933028,-0.76378870,-0.80162472,-0.49555144,0.27264839,1.04129350,0.49957949,0.78414643,-0.66219479,0.02144965,0.53263927,1.29100955,0.59039003,-0.51082671,-1.13653684,1.10659981,-0.24665932,-0.09122290,-0.27271417,-1.03283167,-0.32616094,0.95692760,0.49839938,-0.12249798,1.34878123,-1.50918889,1.32847607,-0.03842773,0.59561145,0.92327565,-2.73350835,0.04405032,0.32395548,-0.27016991,-0.23378767,0.22906338,0.25493646,1.25336385,0.20640641,0.52511752,-0.24184956,-1.27857888,1.21891499,0.51204491,-0.90808254,-0.72904468,1.20625556,0.33183247,0.46896869,-0.69765794,-0.47455227,1.37548614,1.00947821,0.71077633,-0.93488669,-1.32033634,1.03918886,-2.13861942,-1.38650358,0.48200500,-0.35098958,0.91232228,-1.58002055,2.36329365,-0.40592927,0.41934800,0.31534985,1.10153913,-0.04067630,-0.71068817,-1.29697526,0.66486800
0.73591793,-0.86230195,-0.29585987,-1.52029121,0.44338042,0.72952265,-2.12656331,-1.25943327,-1.41087079,-0.54103595,0.09907903,0.57201827,0.78753740,-0.89831895,0.42664215,-2.03175282,-0.79670191,-1.05028343,-0.34316605,-1.54950631,1.22906685,-0.52069068,-0.12702940,-0.50209165,1.57850540,0.97929138,-0.75785708,2.10338187,1.24581337,-0.83144462,-0.07394151,2.19710088,-0.62077051,-0.67559195,-0.11782909,-0.33673343,1.87407494,0.52727759,1.09609294,-0.07272556,0.01665005,-0.69805485,1.47831500,-0.74000949,-0.94477320,0.75853205,-0.73349977,1.40018964,-1.02337897,-0.63908154,-1.31132233,-0.76958072,0.47227499,0.49448475,-0.87823594,1.43161535,0.43574870,-0.76519883,0.13066517,0.05038601,0.43887076,1.43136621,-1.50883222,-1.28972173,-1.41886985,0.56063652,-0.36303419,-0.31455123,0.41332197,0.36621866,0.63264346,0.00683890,-0.58661896,-0.72454387,-0.85058057,-0.91547489,0.50956351,-0.35597983,1.58339667,0.07791450,1.64221048,-1.05777860,0.02642538,1.82445860,0.30231914,1.41280949,0.76383138,0.22685570,-0.15119056,-0.50786537,0.18912303,-0.62277853,-1.55512202,1.60775793,-0.61920750,-1.13183486,-0.45501944,-0.73946780,1.69919252,-1.15085506,-1.43978786,-0.40987018,-1.41692841,0.54116029,-0.91807461,1.49406743,0.60324913,0.84449077,-0.65086091,0.43973666,2.69086623,-0.61827004,1.00948322,0.24421203,-0.31290779,1.87430167,1.33420074,0.82080644,-1.90050972,0.58971548,-0.06558146,0.19155751,-0.48349467,0.01679234,0.16568768,-0.43304172,-0.11591517,1.00734043
0.83803487,-0.48434424,-0.77175367,1.32532513,0.60564739,0.20942724,-0.44240046,1.16312921,2.08098078,0.63595670,1.38737392,-1.56734991,-0.63269746,-0.05336314,0.38730222,-0.80197215,-0.63956398,0.61126626,-0.70903754,2.21101046,0.50299168,0.70444548,-0.05683256,0.39910778,-0.17368315,0.67524147,-0.02614223,-0.07231547,-0.45682043,-0.42660627,-0.85533893,2.07922316,-1.16133976,-1.75376713,-0.38670564,0.12951660,0.51848525,-0.23259126,-0.56993330,-0.58125007,1.02875400,-0.76281291,0.10467625,-0.27342600,2.08315372,-0.03900535,1.50168037,-0.34962496,-1.14429271,-1.03358293,0.50776660,-0.25426188,0.39462090,-1.43728435,1.03661036,-0.66361666,1.23426914,1.14795864,-0.38596451,-0.05102878,-0.18869282,-0.64863187,-0.25737932,-1.37647545,1.57966995,0.15407544,-0.14718720,-1.14393175,-0.80271673,0.46851766,1.37608206,-0.71126050,0.05566694,0.32242125,-0.44344917,0.14017741,0.01982005,-0.74860686,-0.91431808,0.11414472,-1.44930351,1.48325849,-1.87611473,-0.67597437,-0.42795771,-0.55041760,1.09918320,-1.74433434,0.26514217,0.38907227,-0.43043002,1.28873849,-0.09694318,-0.83060205,-1.32040966,-0.79565948,2.30704641,1.25359333,-0.87277728,-0.84569365,0.93058485,0.73494512,-2.12113976,0.03259303,-1.58667958,0.46251467,-0.34017169,-1.01326990,-0.02533847,-0.38506231,1.59913659,1.03459835,-0.16637684,0.37193054,1.71205091,0.56014371,-0.99625719,-1.68405187,1.87271929,-1.82842124,1.57347643,0.07429742,-1.99020684,0.76030511,-1.01147044,0.43305954,1.48163772,0.18788520
0.71041495,-1.28441608,-0.24419273,-0.91767633,0.35501805,0.89713109,-1.19694495,-0.45404789,-0.88504654,-0.00156579,0.45654166,1.14439857,1.17572689,-1.46779335,0.85077184,-2.74649906,-1.02141118,-0.82624727,-0.20728837,-0.85501087,1.27654409,-0.42118242,-0.08197989,-0.64268607,1.87244523,1.39936233,-0.75457174,1.76766479,1.05755830,-1.17527962,-0.14312936,2.94065952,-0.80820763,-1.05356717,-0.50255579,0.71856803,1.44774222,0.59078574,0.86623615,-0.82521635,0.33380902,-1.74725831,1.65015769,-0.99351931,-0.32308140,1.02548504,-0.56955266,0.61047739,-1.19109464,-0.10132016,-1.37935293,-0.89885253,0.63588828,-0.12835652,-0.15525119,0.71412325,0.50183553,-0.49067283,-0.12937161,0.21990064,0.46825022,1.03729534,-1.62422252,-1.31286001,-0.76753986,0.54086727,-1.12237060,-0.58834183,0.88137770,0.15310508,1.47436976,-0.56203824,0.05109698,-0.37937683,-1.26110709,-1.27723587,0.52889514,-1.23240411,0.83406615,-0.47337684,0.95380932,-0.68941092,-0.41545141,1.21376097,0.56602991,0.79686296,0.21264488,0.52156037,0.24635230,-1.15049672,-0.23629344,-0.41630861,-1.37269998,1.76401043,0.04170845,-2.11457372,-0.02913088,0.15358140,1.71159577,-1.10302877,-1.06232011,0.11490913,-1.64693820,1.32593608,-1.42727077,1.75407767,0.80121821,0.34707463,-0.39579740,-0.03156983,2.13128400,0.24254410,0.34380791,0.90852547,0.02418956,1.91107404,0.87179571,0.27855644,-0.82637411,-0.01294276,-0.29604009,-0.15644933,-0.34649071,-0.32558972,0.19030409,-1.12069070,0.56280696,1.16406131
0.63518620,-0.45661545,-0.51067734,1.63946402,0.57878232,0.14934032,0.31029800,1.27859390,2.14888763,0.82955730,1.35637200,-1.19451392,-0.26662534,-0.02962838,0.24900892,-0.63459569,-0.41085017,0.82750428,-0.21686155,2.41331363,0.41922978,0.80874026,0.28233594,0.32149026,-0.29376724,0.64803946,0.12902209,-0.78847820,-0.64799750,-0.80459088,-0.61125177,1.70472479,-1.02094936,-1.42101812,-0.46034920,1.07340312,0.04102289,-0.11842202,-0.60771585,-0.86965114,0.97388905,-1.20857620,-0.32527143,-0.24094643,2.00693560,0.05468740,1.20807040,-0.94239581,-0.88266659,-0.58334059,0.37416503,-0.04629792,0.34369230,-1.39313781,1.41094005,-1.46356153,0.90047097,1.03180540,-0.61327201,0.20287699,-0.26136544,-0.94933420,0.03904657,-0.84746927,1.89975893,0.10607876,-0.65132838,-1.00293159,-0.48795334,0.22144556,1.68008685,-0.70835578,0.57582343,0.39153761,-0.22291796,0.29413891,-0.12478174,-0.96200496,-1.43234575,-0.22380191,-1.89317334,1.63744509,-1.58789241,-0.91600454,-0.26698825,-1.10108900,0.81380421,-1.46711588,0.36456037,-0.03060239,-0.55582798,1.02179134,0.30257842,-0.71685743,-0.43017900,-0.90177822,2.24659801,1.40365303,-1.05288827,-0.50918186,1.01669741,0.79596323,-1.81616211,0.36168602,-1.21592224,0.33990508,-0.30763572,-1.22923470,0.08290514,-0.77905488,0.33165362,1.38651621,-0.64652050,0.60573018,1.67064285,0.06542607,-1.31167591,-1.90110624,2.37705612,-2.09945464,1.27536893,-0.01279323,-1.26830328,0.22148988,-0.81730360,0.06801103,1.61736238,0.13875233
-1.03026998,0.10331364,-0.15252836,0.15727347,-0.19284955,-0.25830907,-0.29441926,1.88297379,0.91186255,0.16448735,-0.28983828,0.84816307,-1.55652225,0.75633144,-0.46361783,0.30515459,-0.26394221,1.34999549,0.54314911,0.92570877,-0.31112796,1.40543652,-0.74145430,-1.24027979,0.48827586,-0.13612078,0.07631356,-0.77210718,-1.24642742,-0.13044615,0.91587240,-1.34479809,0.23407108,2.71829057,-0.32837018,-0.94781327,-0.61521941,-1.37203884,-1.25852561,0.36625820,0.34762013,0.81358069,0.05164393,1.14040768,-1.19397652,-0.65192997,0.60295510,-0.38786182,2.39584804,2.47352290,0.13488869,0.59658837,0.68860382,-1.18911457,0.40651762,0.35209382,-2.94676399,0.68699312,-1.67724693,-0.81029117,-0.05757516,-1.12945724,1.12496054,1.81383991,0.92109072,-0.11899753,-0.15491523,0.58963937,0.54559696,-0.28150046,0.23628299,1.10662162,0.52903205,0.55313861,-0.21997669,-1.53740668,-0.29438534,0.75092858,-1.31490314,-0.64305395,-0.71584111,0.24354240,0.86830783,-1.53599894,-0.20986788,-0.48954746,-2.11781693,-1.90704048,0.68718010,0.40878928,0.01920053,0.65754241,1.13669455,0.14149389,0.08142502,-0.03258452,1.24726510,0.00004491,-0.50576371,0.80323499,0.10146377,0.58911568,0.49948376,0.41906106,-0.24770491,-1.06107521,-1.59724355,1.40970898,1.29264045,0.08626715,-2.14726567,-0.98108393,-0.61034101,-1.93141770,-0.26251686,0.37262774,-2.47609806,0.04496577,0.69165891,1.34132731,1.04739368,-0.05583098,-0.38638905,1.85368991,-0.30989566,-0.30154499,0.09270590,0.32390100
-0.97178745,1.02428257,0.18161625,-0.41955367,-0.58597881,0.16192065,-0.36222953,0.90488553,0.23906088,-0.46753076,-0.32780895,-0.06166207,-1.66140902,0.79180199,-1.20662236,1.67426789,0.03377333,0.28446287,0.29019329,-0.17170031,-0.29745495,1.60295773,-0.08237988,-0.77432472,0.44041464,-1.09887111,0.10301874,-0.81000286,0.07745491,1.00390184,0.93894398,-2.35902333,0.38583288,3.00323796,0.00738664,-1.35660899,-0.86603928,-1.56138885,-1.13487196,0.26308301,0.68345559,1.15928710,-0.12933666,1.47691798,-1.21701431,-0.66140956,-0.18984935,-0.53011853,1.80682242,0.81524903,0.55847615,0.46055052,-0.42304233,-1.07931483,0.01144554,1.11023331,-2.82450986,0.48178217,-2.01112795,-0.75138432,-0.37411007,-0.05552847,1.19250166,1.30377841,0.23017338,0.28259769,0.27160379,1.15132499,-0.52590412,0.27876502,-1.17160451,1.24333847,0.04654343,0.20585294,0.47410893,-0.64380741,-0.14298946,1.13471282,0.24162136,0.29266956,0.53979051,-0.71130878,1.12405801,-1.18850768,-0.33460557,0.54229963,-2.37345743,-1.89467001,0.49644452,0.92654026,0.38448933,0.56440252,0.60217649,-0.17622194,-0.21321015,1.06167173,1.01461685,-0.60655308,-0.72860706,1.42785966,0.00044370,-0.15243313,0.76583594,-0.15052141,0.75073504,-1.24007750,-1.33736467,0.95758009,1.20930099,0.67337227,-1.79800844,-0.69200069,0.06344434,-2.65313554,-0.76100034,0.09057914,-1.60732019,0.13373393,-0.33304691,1.88798308,1.02661657,-0.57675982,-0.10772109,2.36264706,-0.42718288,0.18138386,0.12712197,0.16787323
0.53435415,0.25979182,-0.49215779,-2.53450108,-0.35668927,0.85872108,-1.10158098,-1.53870893,-1.41683352,-1.05909014,-0.27203852,0.40578786,0.51620030,-1.42167866,-0.00195166,-1.56319416,0.73847514,-0.26822108,-0.26155972,-1.96473122,1.38724816,-0.16623418,-1.21499574,-0.04030604,1.37114322,-0.34454319,-1.19223583,2.22861695,0.96647900,-0.13392846,-0.12686419,0.64911377,0.84821314,0.00048672,-0.28656286,-1.14247322,1.23852897,-0.34320742,1.19071841,0.10091972,0.20969614,-0.18470412,0.71575087,-0.59689999,-1.39704370,0.45573774,-1.22454882,1.75497448,-0.46833834,-0.47179961,-1.13865554,0.07143252,-0.07021441,1.75531793,-0.51710135,1.54978347,-0.98425025,-0.68185085,0.03339057,0.32492444,-0.25166637,2.19642472,-0.81201339,-0.93074185,-2.34807634,0.29188880,0.39358032,0.11837828,-0.65384912,0.40289676,-1.30225086,0.52781343,-0.83351284,-0.11607053,0.05224464,-0.05544821,1.03246546,0.40942430,2.15900779,0.68590105,1.31135738,-0.81175518,0.12387918,1.69864595,1.79806018,1.16013098,0.27486521,0.76331729,-0.04040813,-0.27077055,0.70177448,-0.34426486,-2.19403768,1.22085166,-0.25803262,-0.17620978,-0.97219270,-1.16582119,1.20469296,0.23470859,-1.73499787,-0.76864302,-0.22302246,-0.22145480,-0.30028522,0.07026270,0.22070043,1.15883660,-0.69694602,1.19669855,1.48202336,-0.28955376,0.56682020,-0.73735428,-0.55725330,0.71770209,1.82567310,1.39917421,-2.64947605,0.73260975,-0.27757981,0.98041666,0.04385164,0.19879638,-0.00254361,0.24444759,-0.78953761,-0.02384474
0.80649465,-1.34435129,-0.48577729,0.01385492,1.23808920,1.10920274,-1.84103596,0.30788675,0.54672694,-0.13939445,1.07847011,-0.14354309,0.23527923,-0.64990366,0.83426452,-1.40969801,-0.46726012,-0.37709048,-0.41164345,0.66308725,0.56799001,0.30389357,0.14941451,0.52038306,0.75584555,1.49249220,-0.00751929,1.07080746,0.68150133,-1.16468978,-0.53787196,2.77151704,-1.45246506,-2.15917230,-0.78064620,0.53939158,1.56089115,0.40139765,0.06951811,-1.02112985,1.04591882,-1.52121079,1.00662279,-1.04673278,1.06703568,0.62487477,0.29760814,0.76913196,-1.66815567,-1.27565205,-0.26004201,-1.46363485,0.36232358,-0.92134017,0.47004378,0.73598725,1.29112041,0.34920210,-0.34834942,-0.57495785,0.09846870,0.76389694,-1.07713306,-1.82561839,-0.10197741,0.28310645,-0.91685349,-1.20394480,-0.01026133,0.91808838,1.90137446,-0.98979932,-0.37968266,-0.20548806,-1.49643445,-0.45650733,0.11679464,-1.15662324,0.93488657,-0.15601756,0.23961473,0.12270917,-1.33544898,0.71391279,-0.80015391,0.54289156,0.95813441,-0.15206201,0.15126023,-0.02497056,-0.09937014,0.30132741,-0.80368102,0.62659121,-1.03405392,-1.73773134,1.34267223,0.56946069,0.25401276,-1.51966572,-0.57130653,0.13186051,-2.84194183,1.13039851,-1.68834007,1.69780147,0.29500595,-0.23609722,-0.83898127,0.06644467,3.16235995,0.62028241,0.63321346,0.67590702,1.09316993,1.69163835,0.46379045,-0.54120278,0.08658626,-1.17772472,0.42970979,-0.39246923,-1.33948338,0.69408542,-0.13805106,-0.40034676,1.03546977,0.57714075
1.13433349,0.41148755,-1.58495414,0.32342583,-0.06027037,-0.07095698,-0.36660025,0.43663666,2.14181590,0.47238499,0.75549805,-1.93749416,-0.63343662,-0.13073492,-0.43380505,-1.66627789,-0.12347218,1.55245423,-1.08840704,1.65204930,1.34976602,0.63679606,-1.06629038,-0.03907325,-0.17783695,-0.18421625,-1.04271662,0.46607065,-1.30271006,-0.19948909,-1.44967306,1.98238635,0.37855333,-1.20046473,-0.14250062,-0.95003140,0.85139298,-0.88447428,-0.14941712,-0.09571384,0.29990137,0.03070838,-0.96203643,-0.18466386,1.35470045,0.28233507,1.25900948,0.27788112,-0.43341929,-0.64370990,0.05413339,1.42187786,0.17474063,0.14922348,1.03988636,-0.88138151,0.32142025,0.67537421,-0.60221487,0.70844680,-0.43535787,-0.57459277,0.46612573,-1.26247585,0.84014338,-0.20254306,1.26379883,-0.66972798,-1.45429981,-0.04330330,0.22995304,0.42433339,-0.38221407,0.75804853,1.03214347,0.84571022,0.72233951,0.97439414,-1.28539836,0.37657890,-2.13925767,2.25945926,-1.42609942,-0.36517000,1.49327338,-0.59561604,1.94894004,-2.46678925,-0.13335966,0.16799538,0.21291666,1.17480755,-1.21855259,-0.63686138,-0.74630088,0.55204016,2.20732689,0.53262001,-0.68756741,-0.21878324,0.48580116,0.79470217,-1.24005091,-0.89563423,-1.49556375,-0.86271220,-0.96406531,-0.16365738,0.33706474,-0.27891096,0.64952701,0.47709808,-0.50897437,-0.69674838,1.37337995,-0.43118033,-0.76531053,-1.19897759,0.65056837,-1.42836595,1.43334556,1.63735771,-1.97835946,0.91509432,-1.18761814,1.56733632,0.78646898,-0.49728361
1.40501440,-0.40265235,0.00509652,-1.35637701,0.19266357,1.09003377,-2.21214986,-1.29561532,-1.03981996,-1.06670225,0.22797495,-0.03161665,0.11459032,-0.72400582,0.19547421,-1.77316082,-0.39617223,-0.70462459,-1.13917887,-1.78772581,1.21395266,-0.33780813,-0.19987766,-0.09384787,1.72311449,0.27708405,-0.95653880,1.94216323,0.89353442,-0.73315114,-0.19894052,2.03730106,-0.06650717,-0.86235422,-0.53823161,-1.00629294,1.80485642,-0.22142290,0.90793091,0.41943467,0.09563634,-0.54133463,1.55810452,-1.12543619,-0.75442231,0.70658535,-0.75313371,1.86694491,-0.94660658,-1.36569190,-1.18868577,-0.56763619,0.24904744,0.56482327,-0.36600184,1.65223551,0.16523618,-0.52028871,-0.06815469,-0.02103124,0.23824327,1.38279808,-0.79641992,-1.47587121,-1.39883554,0.63902527,0.10669647,-0.25592345,-0.25872234,0.76848567,0.04791415,0.02556646,-0.92593855,-0.81769103,-0.32176843,-0.76135647,1.05782688,0.19234894,1.93857157,0.80288845,1.45382214,-0.45528674,-0.11478676,1.87063968,0.42888084,1.37132871,1.31199419,-0.09026703,-0.49920464,0.00783202,0.78144151,-0.07464910,-1.89455855,1.14014471,-0.84689724,-1.04448867,-0.03685206,-0.90757185,1.05541408,-0.23303625,-1.35082412,-0.96336728,-1.51387203,-0.38649958,-1.07213509,0.99890757,0.02004975,1.03673053,-0.42793712,0.61348021,3.10010266,-0.63323474,0.66444463,-0.36311415,-0.12301313,1.73252165,1.46927583,0.75634706,-2.10072136,0.32626447,0.42603403,0.50898230,-0.95947266,0.34652212,-0.21395381,0.01057073,-0.06342179,0.78004616
0.07199519,0.05341697,-0.10138947,0.22935192,0.18678527,-0.49939978,-0.87011570,1.08616352,1.04675269,-0.22879986,-0.17324208,-0.51653802,-2.32049060,1.91634881,-0.33856711,1.15763915,-0.54550499,0.80206281,0.21651062,0.92344224,0.16493843,1.56916702,0.15784629,-1.43408728,-0.39991537,-0.21860182,0.10789828,-1.18755412,-0.90072596,-0.03705332,1.16191053,-1.46094012,-0.04100623,1.84139144,0.03129252,-1.06329358,-0.81666446,-1.26970744,-0.82286507,0.60878611,-0.42060328,0.53231102,0.21470244,0.98653471,-0.75309986,-1.08390915,0.62085855,0.15763207,1.72894192,1.80498326,0.36115092,1.75439465,0.44684011,-1.93900645,0.58541012,0.15493737,-1.89783263,0.88899624,-1.37084699,-0.79104006,-0.05985555,-1.76850593,1.66655529,1.88767147,1.08900011,0.28125206,-0.14628437,0.50426459,0.29927400,0.26959410,0.55159551,1.32554007,-0.14478983,0.31312487,0.32792598,-1.09817338,0.51152581,0.86180919,-1.25883925,-0.28396949,-0.28628573,0.10746036,1.26311338,-1.28491652,-1.55621207,-0.50600082,-0.51404321,-2.22770262,0.02892139,1.05824685,0.34775946,-0.15632148,1.45665610,-0.36549181,-0.38232169,-0.16481729,1.19660866,0.00553596,-1.65433502,0.66193426,0.65195698,-0.53359163,-0.28368616,-0.33837110,-0.64757544,-0.29066953,-1.62220407,0.17327680,1.21924198,0.19819649,-1.56505394,-1.35838819,-0.39957860,-1.84198570,0.32244140,0.14497304,-2.27807260,-0.53504628,1.25900567,1.14900625,1.95986938,-0.15682514,-0.72151339,2.16425848,-0.68138957,0.43734834,0.99511766,0.37742108
-1.76522076,0.58410084,0.30291513,0.26936761,-0.15310612,-0.47082612,0.14034668,1.47095311,-0.11942539,0.38956478,-0.61400557,1.06757939,-0.99222726,1.03820717,-0.68527603,1.70650315,-0.88730603,0.20745412,0.94578469,0.25831375,-0.88263446,0.83878154,0.40822145,-1.62809753,0.14529799,0.12021259,0.58533365,-1.35199022,-0.25781372,1.00197148,1.00733924,-1.78454101,-0.26575935,3.11974001,0.46669188,-0.10624842,-0.70631230,-0.38502547,-1.02286685,-0.33863768,-0.20031725,1.11682069,0.28105426,1.52657878,-1.51150060,-0.31585169,0.09313133,-0.81645125,2.18015265,1.96185112,0.20695309,0.30899155,0.22022013,-1.45785975,-0.33218625,0.62063718,-1.83609033,-0.03206888,-1.04954147,-0.96800661,0.34028429,-0.87467134,0.79300863,1.75659668,1.27519691,-0.04183486,-0.11992401,1.29397690,0.99183059,-0.73650926,-0.04038819,0.77984828,0.37902212,-0.03936603,-0.17185256,-1.16608191,-1.06497359,0.28368977,-1.24753749,-0.85929441,0.50672954,-1.13471234,1.60319614,-1.50060749,-1.30398381,0.24184829,-2.66954446,-1.20296013,0.37366569,0.08041751,-0.61199915,0.09499579,1.85481751,0.10816386,0.34697527,0.51005197,0.33641610,-0.38656333,0.01303496,0.51546949,0.31679392,0.10726317,1.38827896,0.50876153,0.69241983,-0.88361299,-0.78607708,0.49363726,1.63034129,-0.38151184,-2.39513826,-0.82613194,0.03690986,-1.57846642,-1.02493131,0.08008099,-2.19710708,0.11613613,0.26751488,2.03837657,-0.03444583,-0.71369869,0.60842508,1.64925385,0.01358694,-0.55730373,-0.26315665,0.78766292
0.45543727,-0.16457517,-0.18725249,-2.13081121,-0.40968910,0.55239922,-1.32935667,-1.45088851,-1.75938880,-0.94299108,-0.67350274,0.81145471,0.52095819,-1.12305534,-0.02699015,-1.93778384,0.00355905,-0.97166651,-0.42781594,-2.34773755,1.36660063,-0.51652551,-0.91574091,-0.22902131,1.63013041,-0.04734707,-1.04853988,2.30262303,1.10158563,-0.19289358,0.11324120,1.29249728,0.47215229,-0.18649486,-0.26468760,-1.07615852,1.33185697,0.04092095,1.04355907,0.27350798,-0.12368698,-0.41632369,1.01707923,-0.55225563,-1.61519039,0.71371239,-0.85897481,1.45033741,-0.46008700,-0.30063009,-1.01754785,0.05252520,0.08380852,1.02785206,-1.20003891,1.58185148,-0.49641731,-1.01300848,0.09917724,0.45368868,0.33532649,1.81358397,-1.10930669,-0.89622778,-2.14424849,0.54009616,0.22651553,0.08487862,0.09793879,0.29171365,-0.76019627,0.34940693,-0.70929605,-0.45493895,-0.00931897,-0.74731284,0.91173214,0.53419763,1.78762102,0.22286141,1.71826661,-1.14881563,0.22547537,1.53620291,1.32902730,1.45723188,0.26433706,0.82475328,0.00910469,-0.44737506,0.69511980,-0.87687695,-1.91045046,1.57128835,-0.07995291,-0.45315486,-0.90734452,-1.08177149,1.82491136,-0.34199160,-1.53024602,-0.73536062,-0.11254010,0.02938550,-0.32809922,0.73110002,0.53308690,1.32729506,-0.33829516,0.93279606,1.74636137,-0.63998663,0.74432236,-0.37328404,-0.60935664,1.10964942,1.72910213,1.10498142,-2.56009030,1.23100913,-0.11309779,0.78142685,0.18105999,-0.19092859,0.24163914,-0.31714559,-0.72638905,0.17170747
1.44438946,0.53115374,-1.10529125,-0.95771623,0.77503955,0.30686375,-2.21851945,-0.40460384,0.49710324,-1.43514609,0.47318259,-2.11968040,-0.60603535,0.35241404,-0.68809003,-0.18173344,0.96597296,0.77624172,-1.08402765,0.06055781,0.41514185,0.18582335,-0.65093452,0.71417713,-0.56733900,-0.59901136,-0.03927327,0.61525846,-0.59430224,-0.16009265,-0.70034039,0.65811157,0.29322377,-0.67135471,-0.94596606,-1.83808696,1.24893582,-0.42379260,0.17264025,0.54875618,0.43538871,0.67827535,-0.45525396,-0.38978782,0.54123062,0.14147757,-0.04578781,2.06791019,0.20001517,-1.96072185,0.42847878,0.45552340,-0.33076859,1.13502550,0.11074965,1.30470777,1.01698864,0.55775362,-0.16393864,-0.10379943,-0.55475867,0.82092452,0.23631014,-1.62302434,-1.19108450,0.04510796,1.46338296,-0.60984993,-2.38350987,0.37018487,-0.57035786,0.44528216,-1.44067395,-0.06424081,0.39511284,1.00273490,0.76957816,1.26858866,1.47732556,1.24748755,-0.22140864,0.63312680,-1.06754386,1.62253201,0.25501019,0.12024249,2.45204115,-1.05007470,-0.53007126,1.77601171,1.07721758,1.27100873,-1.20403051,-0.79165763,-1.63922620,0.24745622,1.32779181,-0.50126362,-1.03162134,0.23115315,-0.33518758,-0.80712563,-1.52024496,-1.73625886,-0.96542573,-0.61531526,-0.70444351,0.68660867,-0.96304768,1.01174796,2.35868692,-0.17971465,0.58049089,-0.93458754,0.55281192,0.33345979,0.84906012,0.06082699,-0.94560570,-1.07061446,0.85168731,1.08761835,-2.10492206,1.33924437,-0.94775176,1.79624140,-0.40297630,-0.03589382
0.70069063,-0.49575177,-0.39375210,-1.48652339,0.67128301,1.01931822,-2.43125677,-1.23042965,-1.04607654,-0.84883988,0.17527454,0.09584433,0.40736833,-0.95003110,0.38823897,-1.47975731,-0.05963733,-0.48189023,-0.65481102,-1.20150864,0.98514980,-0.17645723,-0.26974887,-0.15160984,0.95372367,0.66126549,-0.71305197,1.81301808,0.94902033,-0.72143447,-0.10604281,1.82414627,-0.12917973,-1.02266955,-0.66734338,-0.98637927,1.81352341,0.12145973,0.89740330,0.22482727,0.19408251,-0.46472317,1.20012367,-1.17568326,-0.77971023,0.61561310,-0.64356697,2.15114784,-1.03004706,-1.31997132,-1.15077412,-0.73931235,0.18587849,1.01134920,-0.40043890,2.02378917,0.51797086,-0.35731241,0.12765403,-0.16932584,-0.01370361,1.73855007,-0.96255159,-1.71076632,-1.41945803,0.32969490,0.07976183,-0.32293665,-0.58742720,0.63241976,0.05850762,0.10363478,-1.12481689,-0.52090895,-0.80855751,-0.26341981,0.82378209,0.00890193,2.11743855,0.59242272,1.26800656,-0.50133628,-0.09505080,2.21469879,0.13177432,1.35956669,1.15036070,0.15145457,-0.36611271,0.05944877,0.69885480,0.13719803,-1.89083993,1.15509140,-1.18988037,-0.72226614,0.07422807,-0.83068496,0.80486757,-0.69417095,-1.35582018,-0.63702756,-1.78849399,-0.04266629,-0.95082158,0.82064080,-0.02931282,1.03677154,-0.54627401,0.84778136,3.21872926,-0.49215254,1.15986228,-0.52457571,-0.22024736,1.38831234,1.75733936,0.85295707,-2.18469810,0.04844505,-0.07810251,0.21560490,-1.16467905,0.69258136,-0.35427007,0.31385610,-0.18974389,0.71773434
1.51774836,-0.36927491,-0.90563124,-1.10499096,-0.00910789,0.81627321,-1.91031706,-1.28582036,0.13999188,-0.08716831,0.82303405,-1.01816201,0.30701268,-1.02453470,-0.15956920,-2.62303019,-0.79622298,-0.11070797,-0.56070602,-0.73984009,2.41983318,0.23002768,-0.55148172,-0.69533539,1.72867227,0.61678678,-1.43204093,2.03675914,0.97529179,-0.91343921,-0.76796472,3.01054358,-0.34717807,-0.90369779,0.10183796,-0.68384266,2.34901214,-0.24411856,1.27292001,-0.16039328,0.23090124,-0.55429214,1.10209811,-0.51340139,-0.28240171,0.82309896,-0.40912983,1.43598759,-1.47290015,-1.13659954,-1.03615069,0.15582716,0.25745216,0.10269958,-0.05176758,0.48715681,0.33374739,-0.25203586,-0.35426429,0.23464051,-0.08022477,1.01310647,-1.29607904,-1.77987456,-0.34911820,0.41097260,0.53261501,-0.51649511,-0.49530399,0.44094032,0.59681922,0.28305203,-0.73524410,-0.38357073,0.24103630,-0.50164938,0.63817161,0.13516459,0.53880960,0.56973308,0.60908639,-0.02417802,-0.53554553,1.28807819,1.06107914,1.05070984,1.98723817,-2.20782638,-0.08689281,-0.56374741,0.45026475,0.04970046,-2.19701529,0.84633672,-0.96744728,-0.39929402,0.85786134,-0.55609727,1.25043106,-0.63225967,-1.13053024,-0.07533641,-1.80921578,-0.26043791,-1.45718944,0.92322725,-0.02632348,0.48044106,-0.02310679,0.03099819,2.50089312,-0.21922299,0.37087938,-0.79610783,0.65193886,1.31637430,0.05741391,-0.15042305,-1.03889620,-0.36572972,1.29581106,1.08057749,-1.63013530,0.66140682,-1.04880905,0.46807748,0.72558379,0.82952654
1.27060068,-0.87468451,-0.76052725,0.85832554,0.82011968,0.60239416,-1.41757011,0.61878544,1.45373619,0.24973522,1.16898453,-0.85839611,-0.41605008,-0.53948247,0.64257777,-1.66069138,-0.68324834,0.23889919,-1.04077828,1.19837952,0.90809953,0.80495358,-0.19854638,0.35182023,0.89232367,0.96073508,-0.17276472,0.90761906,0.13881886,-0.66196007,-0.84855759,2.89101267,-1.06571889,-2.13876772,-0.65356219,-0.08818048,1.27569377,-0.37107998,-0.11725824,-0.80237800,0.98064345,-1.06612182,0.71512532,-0.89766133,1.57736409,0.50567192,0.91456378,0.53404462,-1.54587972,-1.43700838,-0.06788561,-0.67443407,0.51116937,-1.19885767,0.91816896,0.17929494,1.18201983,0.67356461,-0.57168490,-0.20746969,-0.03950367,0.10249512,-0.77726668,-2.12765336,0.83533722,0.44537103,-0.57955766,-1.35777700,-0.55804211,0.81448674,1.48427796,-0.78706759,-0.16384855,0.00645164,-0.90577316,-0.17660891,0.34543705,-0.70842636,-0.00656159,0.08686084,-0.63712186,0.81250405,-1.79887438,0.04447923,-0.08962632,-0.02564568,1.23273420,-1.44862175,0.33680108,0.12035400,-0.13321610,1.12377346,-1.09279263,-0.16261308,-1.43726015,-1.24703324,1.93955147,1.01350451,-0.00029531,-1.16575158,0.04245519,0.45944339,-2.46278977,0.46513048,-2.02248907,0.94376278,-0.31938669,-0.48119065,-0.12340057,-0.06190649,2.64645600,0.92032272,0.15070881,0.24013725,1.50742555,1.10037160,-0.14064682,-1.00243306,0.57950479,-1.55591893,1.24945390,0.17657274,-1.89424884,1.00272727,-0.95505381,0.22726265,1.57733166,0.44957605
0.94714612,-0.26519462,-0.50407517,1.50948393,0.39492074,0.31086183,0.07103116,1.43065560,2.24114680,0.76765025,1.30730283,-1.24921763,-0.51343155,-0.41157293,0.41772369,-1.09347582,-0.16890816,0.66506732,-0.56013429,2.20097828,0.87819028,0.76097065,0.06924012,0.51440054,-0.07157572,0.65141356,-0.23019721,-0.28587160,-0.56705081,-0.79194617,-0.63915592,2.00708652,-0.95497042,-1.60081220,-0.46005976,0.46853945,0.14732614,-0.57225335,-0.50317955,-0.73385787,1.30397952,-1.13525510,0.01587149,-0.46925572,1.80641842,0.11560994,1.21099818,-0.80221963,-1.08676398,-0.95981163,0.24080959,-0.29844308,0.28060633,-1.21636653,1.59341216,-1.18697333,0.66049355,1.08731449,-0.57352746,0.10433046,-0.28979713,-0.55987930,-0.07775269,-1.16417360,1.68389177,0.17003949,-0.55049956,-1.14792109,-0.98376495,0.36883980,1.30351448,-0.66521108,0.37897670,0.50481498,-0.34447306,0.09891838,0.03121949,-0.80296504,-0.98948550,0.23263012,-1.73000252,1.77746594,-1.84358788,-0.68549716,-0.06736889,-0.98847139,0.86738312,-1.56742215,0.47787395,0.00614410,-0.20749359,1.32029545,-0.16520563,-0.91951895,-0.51047492,-0.93873751,2.18448758,1.28863645,-1.20916450,-0.07476527,1.00860441,0.74389571,-2.01909399,0.13432920,-1.38285732,0.25047159,-0.33303520,-1.03464401,0.14107269,-0.50367188,0.92475301,1.34221745,-0.74019027,0.41484812,1.63286328,0.43966290,-1.19121814,-1.68444979,2.09114242,-2.07408214,1.55359221,0.00491613,-1.65228176,0.21683331,-0.94024622,0.23377332,1.60878563,0.25583199
-1.54495084,0.34091517,0.25395876,-0.04368591,0.00036112,-0.23483042,-0.08065590,1.54332173,-0.02777989,0.24447614,-0.53482521,1.26759493,-1.12660873,1.09557855,-0.68279833,1.47465932,-0.60027778,0.47276208,0.89248919,0.30324039,-1.02937794,0.97783726,0.36536980,-1.64132965,0.25029302,-0.03486627,0.58733410,-1.27558899,-0.48151675,0.53777784,1.03299439,-1.83610201,-0.18102807,3.20614314,0.12547854,-0.29833668,-0.87918854,-0.53248274,-1.03126597,-0.09446043,-0.22638670,0.91344488,0.29652801,1.41362286,-1.36194098,-0.39236268,-0.01112368,-0.57197630,2.31127977,2.11995339,0.12857293,0.31563386,0.19467083,-1.31035805,0.10202460,0.72128832,-2.17717624,0.09227301,-1.24189997,-1.06560028,0.16952842,-1.02620769,1.01872098,1.81395280,1.04391932,-0.19338165,-0.23439185,1.26647604,1.25226474,-0.46417561,0.25055993,0.89426154,0.52861965,0.14099689,-0.29099822,-1.28368163,-0.79503441,0.30761617,-1.14960432,-0.84409839,0.23031463,-0.96816987,1.57644212,-1.42370462,-1.07502079,0.03291986,-2.61977005,-1.20774686,0.33170706,0.16855744,-0.50147974,0.15134132,1.67847526,0.26208293,0.44034573,0.39319041,0.29520863,-0.35640189,-0.16237922,0.67618257,0.18742719,0.21778147,1.25746214,0.67331004,0.56978983,-0.82250047,-1.07528567,0.87318087,1.49847651,-0.48107117,-2.50182629,-0.96092278,-0.19704820,-1.69629824,-0.97252101,0.16702139,-1.97393024,0.25915951,0.34408426,2.02157474,-0.09170840,-0.86197466,0.52333993,1.71934175,0.14837408,-0.72137815,-0.08288343,0.67743117
-2.07955313,0.48931730,0.22362955,-0.01111331,0.13242540,-0.30559859,0.13896075,1.66480291,-0.17664090,0.41726935,-0.57205015,1.33014548,-0.64515501,0.94935650,-0.54323012,1.83955550,-0.67424709,0.40876421,1.17171371,0.48128963,-1.07046604,0.91047156,0.35761693,-1.46564531,-0.06985258,0.25158390,0.72185516,-1.45267582,-0.54464704,0.97563344,1.00012183,-1.86491895,-0.33414122,3.17801476,0.36110660,-0.09930080,-0.66491091,-0.22719143,-1.04240000,-0.53547817,-0.25905237,1.04360592,0.25699997,1.52203262,-1.48985767,-0.21706574,-0.07372527,-0.80297649,2.32747746,2.13123298,0.19038147,0.10674728,0.02623042,-1.15038311,-0.18945286,0.58800042,-1.69384491,-0.00020855,-0.91249591,-0.98680252,0.27552101,-0.70026487,0.93506926,1.79752886,1.12330365,-0.26267257,-0.11944152,1.37474549,1.06951189,-0.92822003,0.07430744,0.70018059,0.38100460,0.13331021,-0.43640968,-0.90217829,-1.21815324,0.11227383,-1.22111177,-0.95929170,0.28628919,-1.06129861,1.44695079,-1.46510100,-1.17584169,0.16536579,-2.62479806,-0.87924188,0.29416659,0.01785377,-0.83474451,0.17689876,1.95176530,0.12319167,0.42447960,0.59400904,0.09421631,-0.41072667,-0.01357110,0.46474743,0.13646799,0.15276119,1.33643675,0.76961923,0.73280114,-0.93786091,-0.72212684,0.41526395,1.47422433,-0.45354056,-2.58705735,-0.77808666,0.00878410,-1.47985566,-1.15923226,-0.03152528,-1.87750697,0.33175707,0.21227422,1.80406857,-0.49763140,-0.71273911,0.57219338,1.53054190,0.38342145,-0.69048387,-0.41317698,0.69812685
