1.86623847,0.22056986,-1.05320287,-0.99373466,-0.73023152,0.04676266,-1.09775257,0.01325818,0.03929741,-0.58659893,0.39563823,-0.01240941,1.24474585,1.32086933,-1.13811016,0.25991148,-0.48332661,-0.14377569,-0.79834455,-1.02951181,-0.52926719,1.51113045,1.98858225,-1.17877209,-0.01118606,-0.72446066,0.49380222,-1.22136140,2.86588144,-0.30883497,-0.89728361,0.56073594,2.01644182,0.41745651,-1.06686127,-1.11228013,0.15576285,0.97149032,1.59553623,-0.88730383,-0.15067987,-0.25657395,-0.99088997,0.55163610,-0.55194128,-0.83413064,-0.81712532,1.20330584,0.31139612,-0.11250642,-0.50146544,-0.22339188,-0.24858619,3.31923079,0.05532792,-0.63562691,-0.95891416,-1.03189862,0.74132198,1.89994299,-0.72581029,-0.60571390,-0.83545482,-0.70823300,-1.14236617,0.12685461,1.52500689,1.70983148,-0.86102283,-1.11821795,1.87375879,0.54418921,-0.51147997,1.22356558,-0.47247738,-0.92871308,0.20933941,-1.09562278,-0.64486766,0.05567788,2.03713083,-0.14817356,0.98753965,1.98163283,-0.81877327,-1.02805901,-0.97239178,0.48825404,0.13121001,-0.05631167,-1.17156851,0.48542917,0.12844725,0.06746509,-0.79349428,-0.99452519,1.57169414,0.38112900,-0.15203263,-1.12664592,0.95255619,-0.32188636,-1.00803030,-0.66448224,0.93444961,-0.68475884,-0.42387041,-1.21161091,0.21029437,0.05895958,1.04275799,0.10143541,-0.42878982,0.39189446,0.73796797,0.07127156,2.74704599,-0.03065822,-1.19660819,0.91668695,-0.95599198,0.58536577,-1.22514772,-1.10008764,-0.22401781,0.43279791,-0.18011099,-0.89156497
1.45737803,0.44014069,-0.99968356,-0.93512940,-0.94683886,0.51766515,-1.27315068,-0.35503787,0.01585539,-0.73246509,0.60084647,0.16132042,1.61804426,1.21092284,-0.95694369,0.38148451,-0.42188448,-0.08346308,-0.89859641,-0.84598416,-0.94513446,2.11637211,1.73892200,-1.25467575,0.41184929,-0.47967157,0.06321245,-1.10065937,2.97017717,-0.26697165,-0.90218228,0.34038624,1.41994524,0.34184217,-1.08810699,-1.16038990,-0.05544640,1.34340703,1.54532516,-0.91632152,-0.09633941,-0.30961338,-1.11455357,1.24099004,-0.22171754,-0.86156237,-0.78863662,0.73568410,0.31211689,-0.52876854,-0.15209492,-0.58002281,-0.05916949,2.36601210,0.30716500,-0.56614536,-1.07191253,-1.03219795,1.22234917,2.18652701,-0.54470927,-0.54509670,-0.91714239,-0.62671804,-1.20979536,0.03496851,0.76900816,1.73378754,-1.00046420,-1.08314097,2.02967882,1.02616954,0.04747809,1.36015630,-0.47682706,-1.09506857,0.18421170,-1.14634717,-0.72919214,0.23184113,1.92400599,-0.13885389,1.49736965,2.14064312,-0.41507331,-1.15235817,-1.11316657,0.18972044,0.52474308,-0.16277498,-1.23924780,0.28922245,0.00516220,-0.38760772,-0.84575886,-0.91702402,1.45274925,0.06230947,0.03282745,-0.95814717,1.06561339,0.02665694,-1.09252763,-0.61333930,0.97186095,-0.63942671,-0.52755898,-1.21443379,-0.10346981,-0.03863457,1.14003420,0.02729527,-0.32319158,0.39091703,0.95685828,-0.31379867,2.45221186,0.32318351,-1.05326617,0.62514269,-1.07764244,0.30565441,-1.31886792,-1.09518993,-0.20982891,0.89330280,-0.28611884,-1.16744280
1.63245821,0.69154286,-1.01898587,-0.86134881,-0.90992558,0.22763281,-1.28531706,-0.42404494,0.04163714,-0.50621420,0.27722278,-0.39634147,2.07005143,0.89320308,-0.77518076,0.22581431,-0.71643555,0.00097726,-1.05385005,-0.82233769,-0.56212181,2.06717157,1.61164188,-1.22627413,-0.13571826,-0.38624707,0.49971110,-1.26732457,3.13081217,-0.37832770,-0.80353153,0.19064204,0.85488123,0.20090069,-1.13899016,-1.19122696,0.10290486,1.30093050,1.75109327,-1.03266358,0.01964048,-0.06079020,-1.20243561,0.85543174,-0.12438302,-0.70518959,-0.92297626,1.21875942,-0.00377602,-0.52506077,0.03496979,-0.28523111,-0.22742242,2.12869978,0.79992753,-0.40700594,-1.10850668,-0.95702761,0.78369045,1.88937616,-0.73293167,-0.52837330,-0.55085826,-0.38650590,-1.28557742,0.22687605,1.13198113,1.77406454,-0.93222737,-1.13551128,1.33073449,1.16416681,-0.52067870,1.36211658,-0.24272917,-1.01254272,0.37296098,-1.19691443,-0.65710396,0.50436217,2.48211193,-0.49534327,0.26880291,2.57091928,-0.32530341,-0.89037246,-1.12301493,0.50091821,0.04246618,-0.10781151,-1.14240968,0.13128120,0.34885645,-0.01669981,-0.71001524,-1.02711999,1.67865837,0.10865007,-0.30999181,-1.13046205,0.84602296,-0.01370061,-1.10627699,-0.48964453,1.28061640,-0.37157643,-0.50451595,-1.22189116,-0.33379364,-0.05219297,1.14662397,0.17871267,-0.46181044,0.82001507,1.18494105,-0.48095673,2.18947220,0.30425099,-1.27641058,1.07791150,-1.08699930,0.32285231,-1.34741557,-1.07809150,-0.39756387,0.38821453,-0.01600668,-1.11972558
1.86197031,0.98306400,-0.87677842,-0.94280803,-0.86321348,0.59224921,-1.28321636,-0.36005646,-0.40234846,-0.74767780,0.34674603,-0.16066906,2.01996255,0.99160409,-1.09575260,0.29643974,-0.75824302,-0.09782369,-1.00780272,-0.67323393,-0.67084879,2.18769431,1.33411503,-1.32032073,0.07699567,-0.45204869,0.36304042,-1.03222978,3.08380389,-0.23824763,-0.70971012,0.18813175,1.08394396,0.34468687,-1.19682539,-1.16456294,0.00738225,1.51809919,1.55750358,-0.85295051,-0.04083088,-0.01136981,-1.27945328,1.10381818,-0.09155763,-1.03405273,-0.91663885,0.90353853,-0.07698993,-0.58787608,0.02685135,-0.16082346,-0.40226427,2.32947516,0.54883486,-0.58357650,-1.16682637,-0.87213230,0.83604896,2.06717753,-0.70667511,-0.67722291,-0.41702265,-0.48041639,-1.21395326,0.55436367,0.73730427,1.43406665,-0.84876043,-1.12596655,1.54863882,1.74094760,-0.48459369,0.96426904,-0.18931763,-1.13980317,-0.04756064,-1.11705279,-0.61441076,0.37184086,2.15836835,-0.37872583,0.89283961,2.07442856,-0.20859809,-1.00482190,-1.16533446,0.54436344,0.48700351,-0.35683647,-1.09589314,-0.01617496,0.52627283,-0.11482777,-1.03795910,-1.05113173,1.41867280,0.09277862,-0.14647022,-1.10128653,1.17606318,0.06485733,-1.11045456,-0.73550886,1.15287685,-0.51229304,-0.38079584,-1.24117112,-0.45755756,0.14557901,1.01847899,0.42905447,-0.48335016,0.73634249,1.20170236,-0.44572580,2.23616171,0.45570803,-1.20503426,0.57881761,-1.08849454,0.52056772,-1.30607653,-1.01682425,-0.22466402,0.53508633,-0.16023552,-1.20986879
1.75169647,0.33799034,-0.92415386,-0.88531399,-0.82891768,-0.02787354,-1.15362465,-0.18205692,-0.09159106,-0.68262529,0.46212253,0.35210001,1.77250516,0.97982335,-1.03824139,0.44754574,-0.40223378,0.00116154,-0.86308712,-0.91997749,-0.63556486,1.63087010,1.35487354,-1.15807855,0.16940452,-0.94824272,0.50571769,-1.30604589,3.33890104,-0.15706953,-1.01028275,0.62470901,1.45281303,0.63763505,-1.10070145,-1.19984388,-0.03728380,1.29222512,1.43710124,-1.02914393,-0.39884779,0.14565125,-1.21051204,1.30161870,-0.53431714,-0.73436576,-0.78912383,1.16208363,0.14188311,-0.47508982,-0.38875660,-0.59177476,-0.10802758,2.76999474,0.22771330,-0.42083174,-1.12512207,-1.08191156,0.89702004,2.23448205,-0.55555576,-0.36517569,-0.77947831,-0.50170803,-1.06528234,0.76858145,0.66235578,1.73428833,-0.93224269,-1.17565989,1.56454432,0.93611187,-0.62211120,1.13567173,-0.62742728,-1.08716345,0.16382477,-1.01101887,-0.68173426,0.73351896,1.74171150,-0.41344434,0.09292234,2.49959850,-0.74756032,-0.84635437,-1.05121958,0.75084859,0.56136841,-0.07514109,-1.00624681,0.40155050,0.41405299,-0.21273361,-0.80836427,-0.97934419,1.11193037,-0.11388677,-0.02544624,-1.11739349,0.75596023,0.18738788,-1.04212260,-0.82005847,0.75885051,-0.60677588,-0.68251848,-1.19656730,0.00537985,0.05096531,1.29843283,0.47978291,-0.54179996,0.42221200,1.11044621,-0.45231465,2.40525031,0.06781498,-1.29413915,0.88418084,-1.02680886,0.32275933,-1.20723677,-0.90801203,-0.20779707,0.97495997,-0.12114906,-1.07727659
1.68301404,0.41130793,-0.65849334,-1.08213735,-0.78428960,-0.09333669,-1.10195792,-0.42102581,-0.21778758,-0.48502773,0.47161314,0.39690447,2.09861374,0.78021806,-0.94940430,-0.14571361,-0.48676375,0.13682134,-0.93347055,-1.02447462,-0.64236957,1.86946440,1.40561879,-1.14867485,-0.19812979,-0.74190450,0.76956743,-1.12218976,3.41858578,-0.05688104,-1.12477136,0.22024222,1.42599154,0.92644095,-1.11467946,-1.14482939,-0.23413220,1.14018929,1.68167579,-0.95196497,-0.55165023,-0.08090419,-0.99098766,1.20729733,-0.76654303,-0.73176557,-0.82647347,0.99440944,-0.14863040,-0.58490098,-0.38176399,-0.31094456,0.23828471,2.42156863,0.25321895,-0.35326889,-1.01538837,-0.88212222,1.22759807,2.54741192,-0.76260585,-0.69434345,-0.72476846,-0.81855130,-1.16234875,0.26696572,0.67739576,1.56003308,-0.89382368,-1.11032534,1.84648550,0.87940592,-0.48486453,0.86568868,-0.39742094,-1.01369512,0.76216644,-0.87559849,-0.41055050,0.24691543,1.74588847,-0.38504294,0.41797841,2.64428639,-0.70982355,-1.00775135,-1.01150358,0.31446320,0.34709054,-0.26804671,-1.09219956,0.35831118,0.73139709,-0.37911487,-0.72223395,-0.98478633,1.03228116,0.17614004,-0.22529416,-0.99133563,1.14966190,0.46776927,-0.98853379,-0.88747615,0.70717204,-0.51130062,-0.52967298,-1.13548112,-0.33053264,0.07029901,1.23281789,0.37533382,-0.45500019,0.48515981,1.04267991,-0.54163694,2.23991609,-0.04456285,-1.11139834,1.22284615,-0.95332730,0.26270348,-1.12687111,-1.10180521,-0.40160438,0.74815601,0.04273694,-0.91121656
1.45572078,0.34398478,-0.92939085,-0.91721582,-0.78409511,0.03095435,-1.04016864,-0.19806878,-0.23942775,-0.42937288,0.29516542,0.14903732,2.19696379,1.01373863,-1.11064398,0.43427709,-0.63798577,0.12571406,-0.86854434,-1.02171588,-0.78189355,2.25131059,1.29041994,-1.09608531,-0.26286837,-0.84880513,0.98000896,-1.22406852,3.12376595,-0.23945864,-1.04996026,0.12610660,1.05043674,0.88000649,-1.04851234,-1.10558176,-0.19830334,1.28133416,1.64738607,-1.06570959,-0.56942856,0.14570348,-0.87732816,1.15912318,-0.75560218,-0.64082909,-0.68648654,1.02772880,-0.20673557,-0.55613017,-0.16441129,-0.28275731,0.35666928,2.26361179,0.38123167,-0.56340504,-1.05099225,-0.98838103,0.77278399,3.07382512,-0.85632503,-0.95433515,-0.65150613,-0.75287390,-1.18076122,0.21784234,0.71952033,1.71781290,-0.91439134,-1.13436782,1.81570101,0.96866339,-0.06049708,0.42083406,-0.72790802,-0.98721755,0.41703427,-0.94864279,-0.12674023,0.58010328,1.40752077,-0.18443063,0.13375928,2.55314398,-0.75561738,-1.00187135,-0.95176959,0.69895518,0.12881318,0.06326741,-1.11420512,0.34411407,0.82632303,-0.37725097,-0.60254353,-0.91761601,1.03489816,-0.10250828,-0.29195690,-0.79575688,1.11040914,0.30887774,-0.94177347,-0.74973702,0.80284834,-0.48690039,-0.62092274,-1.11909306,-0.34621346,-0.00754273,1.15740597,0.30485415,-0.55564111,0.47539684,1.28662479,-0.66036534,2.34964490,-0.06744762,-1.14257908,1.18763804,-0.96579707,0.27501479,-1.10007524,-1.11082256,-0.38088164,0.80161136,0.13301818,-1.01141071
1.70718837,0.12501997,-1.02956867,-1.10705388,-0.78834385,0.04890881,-1.02408552,0.13919525,-0.37382111,-1.01689398,0.51275206,0.13301903,1.92952585,0.97282654,-1.12914801,0.59552640,-0.53353214,-0.17068243,-1.06104839,-0.88169801,-0.55694938,2.19254851,1.79061174,-1.19561112,-0.15309723,-0.51408380,0.48651618,-1.15050983,2.64458156,0.21756312,-0.97209507,0.03789644,1.95672345,0.14690536,-1.04886329,-1.10428643,0.46686810,0.74921489,1.72471070,-0.79299659,0.17779578,-0.31302318,-1.13374221,0.78674817,-0.36185914,-0.79232579,-0.93626499,0.65865630,-0.19837970,-0.60774302,-0.34460780,-0.23127705,0.46207908,1.97704244,0.59554267,-0.50354773,-0.86247301,-0.98223197,1.12990141,2.36920953,-0.57109511,-0.51682234,-0.96052134,-0.50811881,-1.25183487,-0.25884882,0.44078436,1.30707622,-0.84492058,-1.08887863,1.62389052,1.26274860,-0.24151652,1.33576560,-0.11545352,-0.89751470,0.52015376,-0.97655648,-0.71561158,0.50607795,2.39365363,-0.57928634,1.00070143,2.67529082,-0.24306974,-1.06755006,-1.05976427,0.21093914,0.07225042,-0.12512337,-1.16068614,0.02948450,0.21234164,-0.33469784,-0.95278591,-0.94054937,1.55957961,0.65070659,0.19600320,-1.08274794,1.24580300,-0.34854475,-1.00506997,-0.70397145,0.80229491,-0.91522092,-0.50243449,-1.05370975,-0.50352556,0.12680417,1.23776996,0.11623842,-0.53175026,0.59368968,0.99265116,-0.36955020,2.56575465,-0.12587489,-1.00804186,0.96642923,-0.97949636,0.42651930,-1.21070278,-1.07341731,-0.12772897,0.13004141,-0.14361458,-0.96806818
0.67322648,0.53123140,-0.90439540,-0.87288362,-0.67112988,-0.02841901,-1.20853734,-0.13273366,0.44057408,-0.25113308,0.61980414,0.39808810,1.20913398,0.91371292,-0.95782673,0.31326774,-0.05085445,0.13023464,-0.72988391,-1.15269685,-0.44845617,1.05054438,1.31994057,-1.19700980,-0.21711832,-0.81850493,0.50042194,-1.31511152,3.29519510,-0.17656551,-0.93467051,0.80727756,1.34694529,0.79919308,-0.96870452,-1.11809766,0.38039237,0.84344912,1.70781207,-0.96534830,-0.51669782,-0.15661539,-1.18557930,1.14076483,-0.95959383,-0.32791072,-0.81817883,1.01924014,0.04450781,-0.46767992,-0.41021749,-0.49164218,-0.01404146,2.68655086,0.01796411,-0.30798143,-1.13057554,-1.04805815,1.69976234,2.12629747,-0.76115668,-0.37880138,-1.07579935,-0.34454542,-1.15310180,0.60252166,1.30584586,2.46562934,-0.97410929,-1.05980694,1.61206412,-0.13727322,-0.64855093,1.33483541,-0.86658007,-1.13079762,-0.08225508,-0.27516961,-0.60565186,0.03836991,2.03182006,-0.69900703,0.25905192,2.09319520,-0.54668027,-0.76389277,-1.01093245,0.37083563,0.76921999,-0.37184396,-0.89590418,0.52068156,0.27146184,-0.27324831,-0.46601981,-1.07013309,1.26260400,-0.31573677,-0.14309266,-1.07859278,0.69248074,-0.14902741,-1.02330863,-0.92170340,0.80897641,-0.54791063,-0.51838559,-1.25380194,0.27743608,0.07014184,1.61183536,0.24694948,-0.59437400,0.72526407,0.98267043,-0.71948278,2.76333141,-0.37925157,-1.24125159,1.24652565,-1.04100597,0.47116241,-1.22615206,-1.14755714,-0.13582024,1.08778679,-0.12206801,-0.83359236
2.17752457,0.43592361,-0.74608898,-1.01470673,-0.79196686,-0.24648349,-1.08684075,-0.02181579,0.00153504,-0.68623543,0.35251865,0.21610534,1.81934988,0.51516110,-1.21475542,0.09602594,-0.76076382,0.16885017,-0.95978874,-1.12332797,-0.46320695,2.11174917,1.79540837,-1.16904688,-0.26442519,-0.55577368,0.54384303,-1.15639162,3.21748853,0.09624471,-1.10689700,-0.08442301,1.99741995,0.43658927,-1.08076036,-1.14270937,-0.14950725,0.96644765,1.50103784,-0.96238059,-0.14320488,-0.00340530,-1.08179629,0.90269917,-0.67119706,-0.58815420,-0.93020636,1.21500754,-0.46100518,-0.55379552,0.03895788,-0.40139312,0.63570827,2.17719007,0.33866662,-0.50939870,-0.87117273,-1.02948558,0.99356145,2.49384928,-0.62354934,-0.58288878,-0.79528600,-0.86591828,-1.17145765,-0.27013540,1.06935811,0.83146363,-0.90080780,-0.99040163,1.48625410,1.01971507,-0.44237718,1.12066340,-0.12418073,-0.83730024,0.55329388,-0.95268279,-0.41103911,0.54068321,1.83752358,-0.16299735,0.97661453,2.27045250,-0.60570067,-0.93966484,-0.98288965,0.38189420,-0.12827973,-0.14199558,-1.09648371,0.24068102,0.56241399,-0.10447878,-0.75815409,-1.04828215,1.41777754,0.33794135,-0.05648636,-1.03281307,1.05761433,-0.21393470,-0.99513167,-0.98488098,0.97641230,-0.67730367,-0.50318235,-1.13299692,-0.32706961,0.17033726,1.25874555,0.23281288,-0.55833310,0.65280110,0.82517415,-0.55858022,2.72911239,-0.03010415,-1.18582332,1.02339578,-0.95725328,0.63479388,-1.15874076,-1.09368777,-0.43998337,0.18421747,0.16352460,-0.92476910
1.73134708,0.81946045,-0.99809253,-1.17181623,-0.85448307,0.03773553,-1.14542770,-0.41521224,0.16070059,-0.43461964,0.53885508,0.08678576,1.58563018,0.98657393,-1.21014798,0.68802428,-0.64118141,-0.01123506,-0.98446935,-0.94524711,-0.45653260,1.66108775,1.40058541,-1.13792861,0.13483073,-0.45903227,0.44144985,-1.29717672,3.25333667,-0.32314298,-1.08697522,0.64763671,1.46824551,0.52694321,-0.91993922,-1.19784880,-0.01563435,1.23275936,1.53172791,-0.89672494,-0.17378291,-0.22563128,-1.17653334,1.20275450,-0.55541229,-0.59302276,-0.81044143,1.05018103,0.11400075,-0.27288425,-0.36605856,-0.52906173,0.00535455,2.63759279,0.25710171,-0.47810337,-1.15467715,-1.05470657,0.99165869,1.91052425,-0.83782923,-0.33461973,-0.61616421,-0.57016641,-1.15210283,0.21985246,0.97050250,1.95527995,-0.95409566,-1.01405084,1.59013569,0.64804244,-0.56923676,1.07679570,-0.32718551,-1.12371027,0.41287661,-1.14287090,-0.68159699,0.52268088,1.90642142,-0.45493230,0.68479258,2.56364417,-0.63505960,-0.97389275,-1.01334429,0.58149743,0.32819822,-0.25248149,-1.12374079,0.03360406,0.56992316,-0.32606190,-0.67764693,-1.03915787,1.65789008,-0.13465595,0.06704202,-1.04565966,0.74836063,-0.16845466,-1.04440975,-0.80921239,0.58686507,-0.59063011,-0.42406312,-1.25711882,-0.14199209,0.19924039,1.23610449,0.35772169,-0.60925847,0.42990679,0.94000924,-0.45627731,2.53626657,0.14567608,-1.22432053,0.89825112,-1.02536869,0.68263322,-1.24131942,-1.13788462,-0.26878363,0.81073719,-0.14026332,-0.93103105
1.97085142,0.23645984,-0.89632618,-0.95408487,-0.85892189,0.13447696,-1.05171895,-0.18805027,-0.25506249,-0.72525984,0.25632209,0.36377558,1.62746239,1.02021253,-1.03410852,0.37649891,-0.24974652,-0.07762031,-0.87842786,-0.76840627,-0.64291197,1.68959916,1.37069285,-1.16024363,0.15749365,-0.91190517,0.28122085,-1.23933041,3.42877960,-0.24841599,-1.07952929,0.59045684,1.45276725,0.59549206,-0.97785372,-1.13870156,-0.38682345,1.32882571,1.42383695,-0.85270858,-0.42331606,0.00246689,-1.09356999,1.32101882,-0.55488360,-0.65694982,-0.74818581,0.93031591,0.09222210,-0.40273610,-0.34307238,-0.61949843,-0.17106165,2.98631620,0.11628269,-0.49994373,-1.12043667,-1.04940259,1.02972507,2.35283017,-0.75227171,-0.19951971,-0.77110738,-0.76051152,-1.03528333,0.55056792,0.58755851,1.84000373,-0.92495018,-1.12396228,1.66420794,0.81623888,-0.74232662,0.88155907,-0.35138437,-1.03480542,0.68344110,-1.04422450,-0.55074334,0.41009644,1.65053999,-0.32757258,0.62551016,2.69278097,-0.49313927,-0.94601673,-1.05518198,0.60327655,0.29213187,-0.23914625,-1.08764184,0.05202680,0.47163573,-0.21401310,-0.70966762,-1.05146229,1.14462960,-0.04070242,0.09652778,-0.89346534,0.80048466,0.12080289,-1.01302052,-0.97201753,0.59701091,-0.67185122,-0.54642105,-1.17610681,-0.09293000,0.13605282,1.40629864,0.30582467,-0.49535057,0.36149037,0.93883353,-0.33902097,2.48886180,-0.00932795,-1.13683617,0.98737705,-0.97931391,0.39019904,-1.14311361,-1.11349189,-0.33034983,0.73146367,0.03826210,-0.87463105
2.36505198,0.54884464,-0.94918424,-0.99435377,-0.82719910,0.18807028,-1.15562320,-0.14374407,-0.55140930,-0.80742395,0.26588550,0.16111162,1.98098314,0.66231096,-0.99548841,0.21353908,-0.62392426,0.04179752,-0.93889689,-0.73429769,-0.59869921,2.01388788,1.58171833,-1.26912522,-0.26825005,-0.69922495,0.59692669,-0.83854979,3.30614281,-0.14659035,-0.94377524,-0.05941749,1.95951796,0.67331189,-1.13994908,-1.16990054,-0.24646194,1.03028929,1.56007886,-0.93319660,-0.24612084,-0.05989162,-1.19432855,0.84792870,-0.17177086,-1.02635789,-0.91915202,0.85612535,0.06632039,-0.68565577,-0.21172769,-0.17934443,0.36776823,2.69658041,0.28071249,-0.34489322,-1.04605961,-1.00760245,0.95222896,1.92008126,-0.72144508,-0.74601161,-0.56434143,-0.89119512,-1.21615016,0.24634242,0.51031643,1.15803814,-0.88300580,-1.19299364,1.68990231,1.58286023,-0.29587328,0.63533121,-0.31842682,-1.07047188,0.56415284,-1.04062271,-0.43928057,0.49386936,1.79053903,-0.30756477,0.89236593,2.45144081,-0.52223283,-0.88036489,-1.10118699,0.55672121,0.36550361,-0.18011735,-1.13291585,0.34704474,0.61745191,-0.29797074,-1.06904387,-1.02062154,1.24979579,0.40263054,-0.06839933,-0.97241986,1.12974226,0.11504766,-1.05693603,-0.94991893,0.86800367,-0.69373947,-0.41940844,-1.04959548,-0.50580919,0.09220917,1.13573837,0.49327400,-0.53266484,0.37257466,0.89973259,-0.28167942,2.38890767,0.28822085,-1.04343152,0.73586655,-1.01749957,0.40789118,-1.23353958,-0.96489644,-0.44756517,0.29982838,-0.01251419,-0.64911473
1.67691922,0.62268001,-1.15343177,-1.03853214,-0.94035429,0.15135594,-1.19935966,0.02023798,-0.32504261,-0.66686124,0.26477173,0.60420936,1.87823999,1.13036144,-1.13344431,0.61222553,-0.28651404,-0.10080694,-0.83309478,-0.79024005,-0.59184974,1.77694714,1.26827729,-1.19591022,-0.05893714,-1.08293104,0.27340713,-1.24981368,3.37380719,-0.17353554,-0.77422273,0.39249083,1.42127430,0.71312106,-1.08057475,-1.20606971,-0.01765869,1.34144843,1.55856502,-0.99652845,-0.42336604,0.08937059,-1.18052709,1.29131293,-0.43356091,-0.39778101,-0.91128260,0.73435056,0.12937240,-0.55846250,-0.35419524,-0.80700779,0.53532016,2.36235309,0.47312453,-0.47850695,-1.06355619,-1.13477767,1.09179163,2.09393883,-0.60096771,-0.19848734,-0.93306476,-0.55416048,-1.01322544,0.53014082,0.42742756,1.83086157,-0.98072046,-1.07319057,1.71227372,1.05252957,-0.44166547,1.13301158,-0.40386385,-1.03868604,0.01792613,-0.83685637,-0.74781144,0.26784286,2.02108598,-0.37416136,0.61074555,2.30117202,-0.40786210,-0.97942626,-1.08032715,0.29592040,0.65538412,0.03677196,-1.01272726,0.07193805,0.26422393,-0.30878076,-0.65249556,-0.97054273,1.26332939,-0.09787358,0.25468549,-0.98004657,1.05409193,-0.14732665,-1.05772424,-0.84949112,0.79217261,-0.69299024,-0.60314476,-1.24430859,-0.20293766,0.03660659,1.22035384,0.45529535,-0.43846086,0.53055584,0.95167512,-0.40994763,2.50687671,0.24215828,-1.24576747,0.77735525,-1.07019794,0.37564433,-1.26848733,-1.18731451,-0.27368045,0.89035916,-0.28682861,-1.15740263
1.64653957,0.51296008,-0.97079164,-0.91977358,-0.75647622,0.12901442,-1.17970264,-0.16359876,-0.29850999,-0.40401688,0.54801154,0.38936529,1.47011256,0.77091140,-1.08831382,0.50400949,-0.23144633,0.05930624,-1.00873613,-0.91530770,-0.40852615,1.53739703,1.10211122,-1.15320611,-0.14375445,-0.70134306,0.42692077,-1.21845043,3.71947837,-0.21658580,-1.03432727,0.54079211,1.38087189,0.50785226,-1.06966174,-1.16520715,0.00601697,1.01475728,1.56013918,-0.85751647,-0.31536132,-0.04231779,-1.17063749,1.41463602,-0.69122207,-0.66858059,-0.81551343,0.97585928,-0.04074614,-0.47707459,-0.37456819,-0.56788015,0.24621925,2.54628539,0.17515704,-0.41072077,-1.10104179,-1.06819987,1.29573083,2.16607785,-0.73579961,-0.49566865,-0.73326093,-0.45122528,-1.10798407,0.46415818,1.07743824,1.87373567,-0.93990213,-1.15559638,1.44687068,0.43324381,-0.38879448,1.14669144,-0.44467473,-1.03244984,0.32490674,-0.75253797,-0.72180492,0.15369797,1.98828983,-0.44510242,0.52377307,2.50229979,-0.40595123,-1.03218460,-0.97455043,0.47257543,0.55737948,-0.54953092,-0.84353453,0.32661006,0.23009121,-0.41760305,-0.56422675,-1.13245189,1.34097505,-0.08368290,-0.03069426,-1.11214101,0.84671724,0.16429098,-1.03922975,-0.88506609,0.86149871,-0.64245135,-0.66644561,-1.25855458,-0.26600510,0.16762067,1.35227132,0.49941695,-0.48073867,0.49270946,1.06580400,-0.40762571,2.67182469,-0.08039768,-1.23348284,1.16201425,-1.02925003,0.31300622,-1.23964357,-1.09470749,-0.37067717,0.84748530,-0.12438981,-0.93479425
1.74818206,0.28308576,-0.69805741,-0.98898983,-0.82775652,-0.13550393,-1.12984383,-0.10403597,0.21820252,-0.78073102,0.38680387,0.09019719,1.77952302,1.24367595,-1.21188867,0.19050613,-0.44694886,0.05873994,-0.91043615,-0.86065871,-0.48997733,1.89606690,1.57037175,-1.06155849,-0.43830255,-0.79651475,0.22917716,-1.19242573,3.29803181,-0.13857567,-0.64341193,0.18543956,1.71881890,0.47268423,-1.02752745,-1.13993537,0.30005038,1.20313025,1.58527136,-1.02353716,-0.32077932,-0.30874175,-1.13142085,1.24048293,-0.65716308,-0.70928609,-0.83606547,0.76481771,-0.11741193,-0.40986210,-0.12352922,-0.46904096,0.21099393,2.76045132,0.18503600,-0.72449660,-1.07214475,-1.02149320,1.12186861,2.17488766,-0.64587408,-0.45660648,-0.70967138,-0.97051185,-0.94852084,0.42743644,0.93229562,1.79656553,-0.94269669,-1.13548613,1.65695977,0.92774367,-0.58998376,1.00786722,-0.46971732,-1.05990040,0.49678156,-1.01456499,-0.65661484,0.24880785,2.10318208,-0.58670539,0.83171499,2.42866921,-0.53547668,-1.02987075,-0.98307931,0.47402990,0.37132609,-0.27840409,-1.09782135,0.09988493,0.52701622,-0.22909926,-0.87415540,-1.01761091,1.44310617,0.17118023,-0.17688781,-1.05553329,1.01295078,0.09329611,-0.99318421,-0.84984982,0.90691876,-0.38260984,-0.58289826,-1.21096897,-0.22276527,0.06190241,0.91507846,0.39473593,-0.38860801,0.42284113,0.94577897,-0.36448228,2.28920722,-0.05432529,-1.08413863,0.90490592,-0.97066146,0.66655874,-1.15076959,-1.14017248,-0.28229010,0.67388088,-0.11334554,-0.94520217
1.69334424,0.26459303,-0.98759913,-0.98200381,-0.73884541,0.08597331,-1.03375316,-0.00524676,-0.41894558,-0.74671179,0.34489590,0.41432258,1.26588619,1.56724489,-1.20962906,0.60170674,-0.51088536,-0.25639156,-0.91460812,-1.05890596,-0.44923344,1.68337023,1.57932341,-1.17298985,-0.08392148,-0.98050195,0.55899453,-0.89256060,3.45461559,-0.13381062,-0.98450375,0.49787542,1.25127065,0.21389130,-1.04764712,-1.15109825,0.43174127,1.19730234,1.89078891,-0.80823112,-0.18681630,-0.17033038,-1.06771266,1.39958620,-0.55421418,-0.89384729,-0.92837250,0.59643406,-0.04845303,-0.37581989,-0.57790673,-0.37342563,0.26692289,3.04836750,0.14522223,-0.57993114,-1.03708780,-1.04651344,0.78760636,2.48941946,-0.57309729,-0.60425276,-0.89353555,-0.80175954,-1.20383453,0.66673672,0.76204193,1.72708118,-0.90127456,-1.10882068,1.55169582,0.94845444,-0.30257276,0.99826729,-0.77286524,-0.99998069,0.27516928,-0.76779926,-0.59394956,0.27065191,1.57347012,-0.31433064,1.03026545,2.30278301,-0.62868083,-0.91268069,-0.94268054,0.13246027,0.58817148,0.01060576,-0.87143773,0.07025509,0.55506229,-0.02594797,-0.90416747,-1.07169771,1.10568047,0.21501404,-0.06310571,-1.07324958,0.95569193,0.16405597,-1.00892889,-0.78556955,0.60745603,-0.75336981,-0.40983626,-1.20439410,-0.10075362,0.13092174,0.77414328,0.60837334,-0.41550156,0.25092378,0.99915487,-0.50011593,2.60264349,0.04704665,-1.04984820,0.86419040,-0.98087537,0.51520592,-1.19743502,-1.16194737,-0.23317896,0.69344568,-0.16134848,-1.02453828
1.78435743,0.02396898,-0.97832769,-0.88384247,-0.75063133,-0.17230710,-1.10460734,0.08953820,-0.02649515,-0.41697380,0.55793238,0.11314861,1.39102316,1.18570817,-1.02202618,0.30765367,-0.47087121,-0.18832751,-0.76579010,-1.05826628,-0.49360496,1.91735494,1.70183194,-1.14249706,-0.05269727,-0.95815140,0.58601719,-1.26702738,3.03247309,-0.20851097,-0.99939501,0.38394165,1.74686980,0.36005083,-1.09338510,-1.13887274,-0.12575249,1.13701034,1.52436662,-0.97963309,-0.16289592,-0.02414960,-0.90591735,0.83235866,-0.57439661,-0.87478918,-0.75561786,1.21632504,-0.02574361,-0.39818656,-0.42192802,-0.32139444,-0.06336784,2.78497934,0.21685365,-0.48840955,-1.05018198,-1.06576586,0.96953750,2.51388764,-0.59816492,-0.53436118,-0.86004710,-0.55869865,-1.15637922,0.31747973,1.10345185,1.66767883,-0.93102032,-1.13879955,1.89915669,0.75594562,-0.46311492,1.05121958,-0.50199223,-0.97894102,0.12731643,-1.05242467,-0.48695993,0.29463577,1.94725990,-0.06811726,0.74260032,2.27133608,-1.03222120,-0.95193321,-1.00580680,0.43559176,0.18403223,0.00400707,-1.11818266,0.39530286,0.35516125,-0.13334110,-0.84260935,-1.01020861,1.20046556,0.18194836,-0.11115505,-1.12587237,1.18013012,-0.17959189,-0.99324656,-0.73779386,0.91080260,-0.65288270,-0.39496642,-1.17725801,0.02571281,0.17498976,1.09394336,0.05201278,-0.54845953,0.44477952,1.05407917,-0.32589784,2.78218079,-0.06726187,-1.18861759,0.98514527,-0.97457653,0.39034724,-1.18379617,-1.06519783,-0.25552824,0.63028598,-0.32669765,-0.87332523
1.43919528,0.37781996,-0.99988908,-0.91747385,-0.91799361,0.67425871,-1.29214501,-0.34714440,0.01256794,-0.81073594,0.39501339,0.58044076,1.72747302,1.21095538,-1.16527641,0.43495697,-0.50406134,-0.21761052,-0.96964324,-0.75430083,-0.87957960,2.17607045,1.55640602,-1.20940483,0.44356003,-0.45990190,0.16640393,-1.09355891,3.10904145,-0.29238653,-0.86656415,0.37622720,1.42160189,0.33556935,-1.07127464,-1.22337437,-0.11371508,1.27010238,1.62499559,-0.87111413,-0.11567862,-0.12458586,-0.99258053,1.27582753,-0.31780344,-0.85560727,-0.85847771,0.79237872,0.20710067,-0.64981121,-0.17076401,-0.49016333,-0.05485003,2.32782030,0.43971124,-0.58099514,-1.10888648,-1.06228888,1.34667289,2.04212713,-0.48427731,-0.56332767,-1.02147019,-0.67613703,-1.28034914,0.13882059,0.73325330,1.52873957,-0.97208941,-1.15689778,1.79475117,1.21517193,0.03390325,1.19225311,-0.27726051,-1.13799310,0.17094517,-1.16891217,-0.79364812,0.45813927,1.62506175,-0.15553141,1.72175848,2.36732650,-0.32079405,-1.17173660,-1.07818472,0.13788931,0.39988294,-0.28973389,-1.23747432,0.18305314,-0.05654374,-0.24988258,-0.70891529,-1.07000923,1.25729120,0.26326951,0.10721324,-0.91526341,1.10197163,0.04885986,-1.09818804,-0.71096587,0.77748519,-0.74360883,-0.52730739,-1.16070616,-0.25649253,0.13397236,1.22910571,0.10536724,-0.23638475,0.37769625,1.04009926,-0.11084983,2.29578280,0.23934254,-1.06169951,0.69739002,-1.09107804,0.15457962,-1.29650724,-1.10516930,-0.30880672,0.89885426,-0.13225940,-1.20743477
1.52960372,0.70071435,-1.03663206,-0.86055690,-0.81960225,0.09021775,-1.28848791,-0.42092943,0.06781867,-0.51202089,0.20758198,-0.20609201,2.09198976,0.74907839,-0.73848361,0.45799994,-0.71935070,0.07235032,-1.10586059,-0.81547582,-0.66042304,2.14048934,1.39237428,-1.15930629,0.01053583,-0.51585090,0.45654771,-1.22852206,3.23332834,-0.34606349,-0.83641279,0.17904454,0.82534283,0.33463246,-1.13637090,-1.16456854,0.05113408,1.24388623,1.83466268,-1.07115269,0.00181027,0.03719691,-1.21729398,0.89859647,-0.23526394,-0.70161688,-0.89272380,1.19447374,-0.11216130,-0.56902784,0.06700665,-0.33788902,-0.13263085,1.95199764,0.83882952,-0.36491552,-1.14983726,-0.94834501,0.83950222,2.07158184,-0.61319411,-0.57116294,-0.64691174,-0.37383911,-1.29015040,0.11947627,0.95768529,1.76586425,-0.88669938,-1.15414107,1.31583118,1.11332405,-0.33337703,1.39969707,-0.28345743,-1.05204988,0.50990981,-1.19874299,-0.62918544,0.57586843,2.31043530,-0.55013663,0.40813413,2.77880001,-0.39780426,-0.95149136,-1.13165164,0.40977839,-0.02720662,-0.02417169,-1.21134055,0.28720918,0.31077442,-0.20337339,-0.68904895,-1.00333977,1.60155964,0.08755911,-0.23506822,-1.14278078,0.81126446,0.12297513,-1.11173344,-0.43070871,1.19816327,-0.54873270,-0.53714108,-1.17658913,-0.36643308,-0.02009558,1.22557569,0.19015415,-0.43186045,0.80289119,1.23007131,-0.42701995,2.13963103,0.37959301,-1.28724122,1.04663599,-1.09688115,0.17958331,-1.32931399,-1.05810177,-0.39914644,0.41887400,0.02339038,-1.16584539
1.52218604,0.61173558,-0.81230402,-0.89711946,-0.91653454,-0.00294845,-1.18572319,-0.47728631,-0.12580839,-0.40466714,0.76263279,-0.03277763,1.94645071,0.97624409,-1.04684770,0.27889386,-0.55433899,0.10387725,-0.90969133,-0.90404487,-0.69652337,2.11256075,1.60032332,-1.18030024,-0.14488068,-0.55447817,0.18075784,-1.25636065,3.42864966,-0.36215729,-1.12152231,0.30589649,1.01182079,0.70027131,-0.98536927,-1.20182693,-0.27116913,1.36722147,1.39659536,-1.03627837,-0.13624913,0.03934156,-1.17142129,1.32478869,-0.68417746,-0.60174280,-0.77486336,1.26521218,0.17402728,-0.64172089,-0.32991561,-0.53301251,-0.22497478,2.37270570,0.29606393,-0.35893136,-1.09118342,-0.91641432,1.33595872,2.27011728,-0.77632046,-0.51195055,-0.60533756,-0.44870496,-1.20138705,0.64979869,1.02945936,1.66068029,-0.82261431,-1.03234744,1.57893848,0.84265292,-0.51784068,0.91890836,-0.33814430,-1.12047637,0.25653240,-1.01467884,-0.61276317,0.30150574,1.46616137,-0.29817915,0.49712369,2.62734962,-0.67143601,-0.87751740,-1.04826212,0.52983040,0.27387172,-0.31842801,-1.11626756,0.29246762,0.73914874,-0.21779038,-0.72751653,-1.07458019,1.39406145,-0.21848255,-0.20992030,-0.95405453,1.03080475,0.04722587,-1.02525163,-0.81748903,0.86555964,-0.37463489,-0.56574386,-1.25326586,-0.07250731,0.07869335,1.30859816,0.27416825,-0.57065642,0.45082307,1.47406614,-0.68806404,2.21333957,-0.11142708,-1.13844860,0.82502711,-1.02794862,0.52763456,-1.15945196,-1.16514122,-0.23372735,0.80377531,0.07787852,-0.93609285
1.68478239,0.45410061,-1.02194285,-0.86837691,-0.67952150,-0.11428402,-1.12318492,0.09953415,-0.20241135,-0.60764754,0.38905680,0.30525810,1.57905138,1.37046635,-1.07361996,0.07316237,-0.44668919,0.04058432,-0.82022285,-0.96425271,-0.80142784,1.88169074,1.59777713,-1.14549613,-0.12573512,-0.93116480,0.67895943,-1.29665828,3.24520826,-0.12487824,-1.08094501,0.29682416,1.67751539,0.83968061,-1.01437914,-1.12621081,-0.20982736,1.72219527,1.15855134,-1.07611048,-0.30121541,-0.10534789,-1.04961586,0.98334819,-0.70913428,-0.59442824,-0.78021538,1.17719567,0.16416623,-0.59926832,-0.22536363,-0.64059329,0.35147676,2.55681801,0.25777319,-0.36312276,-1.04843616,-1.01646912,0.91358018,2.44665885,-0.84352040,-0.36590776,-0.77409011,-0.87696499,-1.13112676,-0.02292079,1.05707216,1.66712356,-0.86237657,-1.09123063,1.79213345,0.87077832,-0.64867866,1.00908720,-0.43173468,-0.91233271,0.23991513,-1.10659969,0.06032821,0.00084655,1.58525491,-0.41614032,0.55711204,2.29715443,-0.74981713,-1.01408684,-0.97273380,0.09943001,0.29046029,0.15044120,-1.10377181,0.34861761,0.55664468,0.13692822,-0.80637038,-0.91176629,1.23595023,0.12367858,0.06507470,-0.96756542,1.14927411,-0.35140073,-0.99740219,-0.84518933,0.47500169,-0.51973206,-0.55237705,-1.25173521,0.05005639,-0.05595833,1.36256683,0.34571120,-0.48070323,0.53653157,0.85684669,-0.40981376,2.64836025,-0.02708777,-1.14606810,1.00893819,-0.97544813,0.44828480,-1.18432021,-1.17390406,-0.37757367,0.56981742,0.21166092,-1.10584831
2.00247455,0.47027713,-1.08615863,-1.09279716,-0.73631579,0.67545527,-1.22161019,-0.22245324,-0.47586444,-0.73516011,0.17546973,0.08548053,1.92270851,0.90706044,-0.94992810,0.09349156,-0.69800478,0.12146877,-0.91896069,-0.53557235,-0.63302821,1.90734196,1.62505245,-1.28163350,-0.20738946,-0.47132653,0.72715533,-1.02322388,3.33909345,-0.12494331,-1.04360080,-0.17484406,2.08831763,0.36352810,-1.04088461,-1.20600164,0.06348946,1.17254055,1.71970677,-0.91865420,-0.40315068,-0.00184745,-1.21505952,0.83846557,-0.49796557,-1.04913497,-0.85333502,0.93208688,-0.02537608,-0.61070168,-0.49495995,0.06133425,0.33806258,2.38931084,0.49159241,-0.56661212,-0.95059383,-1.06912231,1.18022680,2.11480355,-0.80371517,-0.64402407,-0.50356162,-0.85459918,-1.12876761,0.47887316,0.42361850,0.94105089,-0.89516044,-1.21942151,1.37974942,1.66598856,0.02878674,0.64216483,-0.13753287,-0.81155014,0.41446218,-0.96464503,-0.66656363,0.43516520,1.97467732,-0.31913203,0.76834691,2.38837361,-0.36812752,-1.05003190,-1.11841512,0.61444265,0.63518190,-0.39980137,-1.07460916,0.12328131,0.40092257,-0.37689695,-1.03755713,-1.07996058,1.17510056,0.59140551,-0.03510923,-1.00121439,1.10021806,0.04637963,-1.06835258,-0.90400892,0.91505659,-0.58693022,-0.57102513,-1.10165262,-0.42283413,0.15170485,1.24171805,0.33458093,-0.36321944,0.64052308,0.97167403,-0.45841250,2.32912397,0.19459122,-1.08704746,0.77885294,-1.03893983,0.27959722,-1.25313258,-1.01383543,-0.35504672,0.32717761,-0.02609003,-0.92164695
1.56050134,0.54095513,-1.11061430,-0.90439278,-0.80586708,0.13523175,-1.19344676,-0.23543128,-0.39627430,-0.93054366,0.23373687,0.60694838,1.57090724,1.49059403,-0.95404917,0.39470610,-0.61247998,-0.02572380,-0.96128017,-0.79941016,-0.55879295,1.61838782,1.48764384,-1.24474716,-0.13171989,-0.96440953,0.47130850,-1.03848553,3.46797872,0.00348464,-0.76584685,0.23026159,1.43753970,0.53069389,-1.16690683,-1.17628288,0.21122746,1.14076042,1.97530234,-0.91751069,-0.21729772,-0.30134302,-1.15765977,1.06889999,-0.25547245,-1.05495596,-0.80703288,0.73666334,0.21749923,-0.75862604,-0.25220409,-0.56411737,0.04570153,2.45168281,0.39174417,-0.18749961,-1.10401380,-0.82976156,1.00193727,1.91352522,-0.39450344,-0.71262884,-0.96167779,-0.35390815,-1.22768092,0.60360873,0.68711030,1.47528255,-0.95117152,-1.04564679,1.85986054,1.22003925,-0.11412024,1.23994970,-0.35797834,-1.09636497,0.02491144,-0.80280280,-0.88748050,0.16961594,1.87240815,-0.60018575,0.89652967,2.30330682,-0.84659153,-0.96516836,-1.15110576,0.10861865,0.85036969,0.11760012,-1.05750418,0.42601576,0.28133178,0.15259370,-0.88821363,-1.02666581,1.14973164,0.14291729,0.19488651,-1.07750297,1.30973351,0.11627622,-1.06822813,-0.78994864,0.78824484,-0.88798600,-0.44948247,-1.12370777,-0.38988352,-0.06492317,1.27000630,0.47133142,-0.46806011,0.67808288,0.76225162,-0.44786030,2.50554156,0.26912731,-1.08247137,0.51973444,-1.07505178,0.38888732,-1.32165158,-1.02367604,-0.32663909,0.72047621,-0.08126219,-1.00827277
1.04601848,0.43978870,-1.01529253,-0.93512833,-0.81551075,-0.05420141,-1.14169610,-0.16601227,0.32043642,0.07099625,0.30386272,0.41484347,1.27278805,0.75710392,-0.89139169,0.50765288,-0.19408832,0.17167245,-0.72729951,-1.15522385,-0.46197194,1.38043082,1.11855781,-1.16849947,0.02448107,-0.84315968,0.34458834,-1.24616146,3.38312912,-0.17206530,-1.10916471,0.89488190,1.31742299,0.83359540,-1.04371321,-1.12084305,0.20394291,1.04551125,1.69568038,-0.96744972,-0.55185330,-0.31624693,-1.11467445,0.82983601,-0.78728676,-0.39347535,-0.72756159,1.28812206,-0.21888213,-0.45438325,-0.44529444,-0.51895249,0.25428894,2.83594370,0.20456570,-0.33969480,-1.09488130,-0.99512172,1.12500763,2.25409174,-0.71290678,-0.44890866,-0.87198979,-0.51299661,-1.10467672,0.28542838,1.51961470,2.38478088,-0.93611991,-1.09404957,1.46511889,-0.10261181,-0.54402351,1.36801600,-0.79218715,-1.04819739,0.02743102,-0.50571162,-0.43160403,0.04328584,1.91923702,-0.62496811,-0.18406703,2.34592748,-0.40051439,-0.92061323,-0.97347683,0.23660989,0.30539587,-0.23387320,-1.06793177,0.78793621,0.22527003,-0.25703937,-0.22143742,-0.97753263,1.30153418,-0.15545024,-0.14188789,-1.05970967,0.39890575,-0.12492953,-0.96773672,-0.80433774,1.00451517,-0.50666714,-0.56209475,-1.22968149,0.40162504,0.09880145,1.42129850,0.20884897,-0.62437755,0.65245050,1.04325438,-0.65835381,2.86502981,-0.38612348,-1.23227227,1.55243826,-1.00013494,0.24453458,-1.18109810,-1.10756397,-0.16645978,0.75191396,-0.15134194,-0.98360407
1.93877995,0.26935902,-1.08985734,-0.81536478,-0.82481170,0.10394640,-1.11752987,-0.01864082,-0.29515338,-0.70057595,0.44636920,0.09050410,1.54642761,1.01499701,-0.83539397,0.30378094,-0.64768815,0.14696462,-0.86692321,-1.00475729,-0.50488591,1.66594386,1.84852707,-1.09641790,-0.07032663,-0.78214866,0.73149467,-1.28334427,3.02726507,-0.01224272,-0.91289359,0.04821740,1.84781694,0.69652271,-1.06321084,-1.10494590,-0.12351400,1.22393453,1.56682241,-1.11290371,0.02752917,-0.39083675,-1.04917300,1.17331374,-0.59109706,-0.89292020,-0.88661563,0.99345011,0.08540499,-0.74515563,0.03500031,-0.36003745,0.38355279,2.46185446,-0.00614523,-0.48330611,-0.82970327,-1.00045323,0.82979721,2.30793881,-0.71483922,-0.65729177,-0.92797017,-0.81740099,-1.23405910,-0.15845196,1.19432235,1.49238777,-0.97940153,-1.12540329,1.72845078,1.07300591,-0.31591251,1.22859704,-0.35565400,-1.05450344,0.36937091,-1.07562244,-0.15656646,0.10620726,1.89637136,-0.21147485,0.80403996,2.13507175,-0.72864890,-1.12689221,-0.99057704,0.40216377,0.38957578,-0.03446170,-1.15817153,0.57976836,0.11102416,0.03355680,-0.75878555,-1.09947407,1.33487713,0.12714310,-0.00391002,-1.05053842,1.26157248,-0.32851955,-1.00391495,-0.88898420,1.05850804,-0.65663391,-0.54710650,-1.22063148,0.08648696,-0.02338999,0.97238493,0.34505683,-0.40272054,0.33783901,0.86358351,-0.24568814,2.82512569,-0.01403491,-1.16561854,0.83474809,-0.98823386,0.42455095,-1.22302282,-1.06260085,-0.25486898,0.43326139,0.13855262,-1.12216628
1.85022104,0.01130673,-1.00517523,-0.87424505,-0.75089121,0.45005196,-1.20755315,-0.19119069,0.28694615,-0.64330709,0.13818523,0.27614340,1.46160984,1.23928452,-0.99272531,0.25822636,-0.62489462,0.21378586,-0.92362344,-0.93842518,-0.47070286,1.38150871,1.60795963,-1.20379901,0.27181676,-0.35268721,0.31953886,-1.32532001,3.01027393,-0.05159244,-0.90381593,0.66298497,1.78717053,0.39203528,-1.12342048,-1.20525408,-0.02021785,1.10777748,1.45700276,-1.12359118,-0.34609529,-0.19452512,-1.17562437,0.99322283,-0.21459912,-0.84531480,-0.80909961,1.22182012,0.29990047,-0.50566900,-0.49826643,-0.63742530,0.09379520,2.67363715,0.60717815,-0.33665398,-1.06764710,-1.08298135,0.89036655,1.67798328,-0.58153343,-0.21847063,-0.88221967,-0.34013742,-1.18902051,-0.08666692,1.49315810,1.48160815,-0.90065986,-1.19641447,1.53605974,0.52038312,-0.71484691,1.71406507,-0.15708049,-0.99798554,0.47554052,-1.20139194,-0.44674638,0.16166481,2.20031643,-0.52078283,0.67437351,2.45626569,-0.42751434,-1.03241396,-1.03116071,0.23441893,0.04308480,-0.12540437,-1.03856587,0.19513018,0.01263210,-0.04623506,-0.72852618,-1.05296552,1.58868265,0.15237333,0.08809361,-1.13258028,1.17359185,-0.30105305,-1.06985867,-0.64015895,0.72759056,-0.66557741,-0.59448349,-1.07483399,-0.13922329,0.11116133,1.23885179,0.05995411,-0.49291709,0.60355157,0.65979880,-0.18704677,2.94214344,-0.03180412,-1.28409171,0.81081337,-1.04572773,0.49616104,-1.30481017,-1.08505666,-0.35885018,0.62340671,-0.13188051,-1.01357770
1.70426333,0.25358590,-0.87844038,-0.95080036,-0.71518123,0.17171732,-1.15410161,-0.12131070,0.01569226,-0.35121807,0.53607595,-0.11279965,1.77855086,1.04579544,-1.23808897,0.61595386,-0.39312845,-0.24877091,-1.03309619,-0.69076043,-0.56728476,1.95759380,1.79737318,-1.16252685,-0.11284848,-0.81432664,0.23984665,-1.35702670,3.05441332,-0.58635682,-0.70962405,0.43581697,1.45483828,0.69157684,-1.00249147,-1.20134163,-0.04381940,1.30666983,1.26786566,-0.83753693,-0.29522926,-0.20421530,-1.11388206,0.97671431,-0.45466712,-0.52219695,-0.82306445,1.00285125,0.19483122,-0.20232919,-0.39043292,-0.58970398,0.05339710,2.59615207,0.24061035,-0.75235474,-1.01112270,-1.12868118,1.35332441,1.99781680,-0.82252944,-0.23676381,-0.74983805,-0.49905747,-0.91358364,0.19497420,1.05856848,1.87910295,-0.78018880,-1.18485665,1.76115191,0.70858884,-0.47784403,0.73970979,-0.16846526,-1.15258384,0.39332789,-1.16356480,-0.79174042,0.52746099,1.95642519,-0.51906180,1.41881871,2.43380451,-0.41791949,-1.14059293,-1.05213976,0.46097457,0.37998533,-0.29127610,-1.15683377,-0.24194974,0.38371238,-0.38568416,-0.81932235,-1.04701066,1.65549576,0.11242387,0.12405530,-1.09544921,0.92367268,-0.03367990,-1.07101691,-0.71256107,0.67032278,-0.50300455,-0.57071900,-1.22259212,-0.40649867,0.14385816,1.20353591,0.11779369,-0.23299506,0.34766209,0.88227612,-0.14864145,2.39257669,0.08165995,-1.28396451,0.87418759,-1.04024661,0.53931147,-1.24732244,-1.15553784,-0.18117298,0.83005983,-0.10590756,-1.14394581
1.86932826,0.25349635,-0.86174256,-1.04804206,-0.69438374,0.25541878,-1.09059322,-0.12930191,-0.61918032,-0.51148641,0.42307901,0.25355321,1.51181507,1.03046525,-1.22053862,0.48088589,-0.49447528,0.09430252,-1.03618574,-0.91318452,-0.44424868,1.89017701,1.27184832,-1.10164917,-0.07688343,-0.85994631,0.65059769,-1.16822314,3.41553879,-0.06055267,-1.08849955,0.36801982,1.76904643,0.37009320,-1.05241776,-1.17619729,-0.18776551,1.09655476,1.75595486,-0.89169091,-0.16034707,-0.14654817,-1.03210902,1.34873796,-0.51168984,-0.86399108,-0.93555284,0.75284600,0.02053046,-0.48825565,-0.27350032,-0.20266634,0.37634233,2.49281335,0.43658516,-0.33538523,-0.92717814,-1.09214652,0.70623583,2.27474546,-0.83021915,-0.50164151,-0.72595453,-0.92021734,-1.04034305,0.26159599,0.63214242,1.36762667,-0.91907632,-1.13572931,1.74407673,0.92697370,-0.28687474,1.00641179,-0.42481145,-1.05136192,0.36688539,-0.88267654,-0.50422072,0.44511980,1.96752977,-0.36001852,0.80564129,2.67847586,-0.46686339,-0.97751582,-1.01259720,0.22192122,0.23122318,-0.30924654,-0.94522202,0.01178822,0.57697856,-0.38271785,-0.87264305,-1.02120030,1.34334660,0.39838389,0.02713142,-1.02047980,0.99217159,0.09843829,-1.03811133,-0.87147105,0.60306913,-0.82542032,-0.34615251,-1.12147021,-0.46615124,0.11871233,1.18391120,0.54611826,-0.36321047,0.60656857,0.85276824,-0.74503493,2.59350109,-0.15715627,-1.15423810,1.08578360,-1.00883162,0.69374174,-1.22368193,-0.97778034,-0.42529690,0.48638412,0.01130561,-1.04253924
1.38695741,0.70525610,-0.92432225,-1.12367463,-0.91007531,0.29216850,-1.16580236,-0.34819147,-0.22607206,-0.39690000,0.30690348,-0.00651182,2.14411283,0.82475579,-0.97488624,0.57837427,-0.50002676,-0.09612572,-0.89627427,-1.04083896,-0.96180177,2.03325939,1.11765265,-1.18324983,0.27902532,-0.53804529,0.63697404,-1.12942863,3.36493969,-0.20675731,-1.05783963,0.43600619,1.07094932,0.43644065,-1.14894485,-1.18339312,-0.05371755,1.56262088,1.79606533,-0.81849635,-0.36947390,0.14940137,-1.11920583,0.99063605,-0.61846250,-0.64041048,-0.82769752,1.04430354,-0.27081236,-0.47713554,-0.11818545,-0.36117032,0.04177543,2.45215917,0.36983952,-0.74194503,-1.05969119,-0.96376300,1.17279506,2.66901135,-0.78759706,-0.82293838,-0.63476670,-0.43681696,-1.18371010,0.25686198,0.57423979,2.16389012,-0.91688532,-1.15829194,1.34350252,1.26509166,0.10743380,0.60545224,-0.62062728,-0.99912459,0.33841693,-0.94171566,-0.63786632,0.27489373,1.31027603,-0.06908096,0.55264437,2.64996219,-0.54667068,-0.85303235,-1.03364420,0.91295356,0.34050274,-0.26617473,-1.11918151,0.15348069,0.72573745,-0.55479980,-0.67180067,-1.13038433,0.84162426,-0.12398276,0.03060817,-0.85200876,0.83914572,0.33562395,-1.02027988,-0.78556770,0.93764347,-0.33819500,-0.56014830,-1.13804936,-0.26779372,-0.03382509,1.13572240,0.21630223,-0.51131171,0.58749413,1.42594504,-0.80473107,2.10618639,-0.07618416,-1.03297806,0.73475266,-1.00517106,0.29167837,-1.13913178,-1.14589226,-0.31507814,1.03910828,0.12331668,-1.08810663
1.78780055,0.29444611,-0.77171189,-0.88929451,-0.74541473,-0.06297256,-1.03262842,-0.37137887,-0.27775469,-0.43501347,0.51774967,0.22234395,1.63570559,0.99819863,-1.11507750,0.35773075,-0.40523329,0.16910237,-0.90115535,-1.01355231,-0.43102980,2.16394472,1.52117002,-1.14345455,-0.23106880,-0.86998332,0.57075065,-1.11789429,2.95364690,-0.22706984,-1.08457279,0.09368241,1.28523934,0.50480103,-1.07580662,-1.10903883,-0.17114897,1.11606932,1.73612630,-0.99941218,-0.47616670,-0.14335293,-0.93376380,1.04141712,-0.70535976,-0.67965233,-0.71018887,1.39238501,-0.25151846,-0.66800594,-0.37028024,-0.28103971,0.01899455,2.68090224,0.62362820,-0.58445174,-1.00365484,-1.02129984,0.83123118,2.85318232,-0.81182718,-0.78526467,-0.82876360,-0.59869307,-1.12772262,0.31684235,0.83602744,1.66976225,-0.94709557,-1.10745502,1.68878853,0.77176839,-0.15225077,1.04495203,-0.59244937,-0.98623079,0.16170606,-1.05928028,-0.44441810,0.70744324,2.18649125,0.05230290,0.70854151,1.90210426,-0.62614357,-1.02604020,-0.96902263,0.43498155,0.03565598,0.01956189,-1.00354767,0.28863674,0.45643848,-0.29920331,-0.80256867,-1.07188296,1.04581285,-0.05532398,-0.08039451,-0.95267099,1.24802291,0.07893995,-0.94882464,-0.87111485,0.81735629,-0.73235607,-0.46846056,-1.12495029,-0.41734594,0.50547314,1.10225379,0.35309002,-0.42902943,0.46729252,1.27354920,-0.75506437,2.45099211,-0.42677978,-1.15144193,1.30523407,-0.93487853,0.22112164,-1.12748504,-1.04145205,-0.34661943,0.77812099,0.17329037,-1.05834770
1.94866347,-0.18224314,-1.08044970,-1.07797003,-0.54683602,0.22516724,-1.02004862,-0.35092542,-0.45353574,-0.73188180,0.61876422,-0.14837891,1.94025958,1.27132916,-1.13977146,0.52233386,-0.77331293,-0.19522326,-0.86617672,-0.72208393,-0.77758235,2.12081313,1.66311598,-1.15269518,0.14835450,-0.79952884,0.53905058,-1.18877363,2.93588400,-0.16469598,-0.95737755,0.19330737,1.54736042,0.39826688,-1.14541781,-1.08455563,-0.10770644,1.45577157,1.62473059,-0.94807726,-0.30783391,0.14776075,-1.05488420,0.83992940,-0.67557919,-1.03599548,-0.69268185,0.95567977,-0.10183227,-0.41522911,-0.10144655,-0.46028253,0.32973978,2.55874157,0.50790262,-0.80457765,-0.85190511,-1.08177745,0.68991923,2.50485253,-0.71948105,-0.61676842,-0.86912537,-0.49824110,-1.03561723,-0.15302326,0.64909041,1.19692385,-0.90933371,-1.10402298,1.47636735,1.42240667,0.17810717,0.82471335,-0.29489693,-1.04248655,0.63016105,-1.18435681,-0.53209555,0.67644370,2.33271646,-0.19310847,1.08961809,2.38128829,-0.75577229,-1.06764424,-1.04609716,0.46960884,-0.00568804,-0.03036864,-1.19367540,0.28920484,0.25576994,-0.08492953,-1.00061059,-1.05657625,0.95330793,0.50115025,0.10110418,-0.81214178,1.14332688,0.08299759,-0.96980655,-0.87001014,0.55989021,-0.59792566,-0.47057420,-1.08394945,-0.28038755,0.21268715,1.04184163,0.18738481,-0.37526798,0.59560025,1.10302687,-0.18544543,2.25615263,-0.17241904,-1.04478133,1.07854950,-0.97158295,-0.00063061,-1.19729376,-0.90578836,-0.31042397,0.68576103,-0.06204343,-1.15923357
1.54838383,0.13364249,-0.97679466,-1.00069058,-0.83363020,0.06152693,-1.12576568,-0.23114032,-0.06066127,-0.48854685,0.39289957,0.39203793,1.52352166,1.40623283,-1.13336658,0.25430205,-0.33212009,0.13694181,-0.83568436,-1.03369749,-0.38652194,1.74040055,1.49034333,-1.24213374,0.27232474,-0.91069454,0.29556996,-1.15788352,2.79286432,-0.10299648,-1.00451350,0.49711809,1.32255602,0.48452038,-1.07204199,-1.16458547,0.00868392,1.33319342,1.90819979,-1.02360070,-0.50368649,-0.01783550,-1.09011817,1.07263732,-0.52225345,-0.72728527,-0.86780858,1.11223507,0.25271600,-0.25246969,-0.79025906,-0.61873770,-0.15468051,3.09967852,0.06719803,-0.53283745,-1.01268005,-1.17863786,1.06209159,2.26213288,-0.61762702,-0.28001443,-0.98797810,-0.20105468,-1.02261424,0.29396752,1.18075347,1.79267871,-0.93932271,-1.12777805,1.86016381,0.34379920,-0.32410872,1.35122824,-0.69037187,-0.95737171,0.01932316,-0.87501854,-0.70175105,0.18101455,2.25775218,-0.06774218,0.76267928,2.11453366,-0.45922825,-0.88042009,-1.05825281,0.01337752,0.21015385,0.04601654,-0.83869493,0.07653139,0.12399668,-0.22725205,-0.67064542,-1.00896204,1.14206231,-0.10333935,0.14526153,-0.95862830,1.05096006,-0.00334375,-1.00829864,-0.85655820,0.86179864,-0.79011279,-0.56950843,-1.26165152,0.08710349,0.13935566,1.29419661,0.33210659,-0.25125444,0.47382322,1.06050611,-0.35477561,2.58161664,-0.31923896,-1.15373111,1.30168104,-1.00858498,0.20669706,-1.22912621,-1.08127296,-0.20079258,0.63313347,-0.29491672,-1.09452438
1.88865125,0.21045378,-1.11274600,-0.88274765,-0.68909431,0.11223927,-1.17377245,-0.03974080,0.03529937,-0.61553937,0.82468241,-0.12751336,1.50780451,0.94575948,-1.11462867,0.03518381,-0.49738976,-0.03984808,-0.83598757,-0.97685528,-0.77289551,2.32939053,1.80257869,-1.01681948,-0.02506632,-0.63235021,0.11961380,-1.00776458,2.72178483,-0.20186040,-0.85821187,-0.16181436,1.49710965,0.49683642,-1.11660755,-1.17151105,0.26292193,1.52131331,1.52084827,-0.98545355,-0.07072450,-0.17382780,-1.19552505,1.18592691,-0.74734324,-0.78139681,-0.85432452,0.82912737,0.02051110,-0.36149037,-0.20675255,-0.47767296,0.06600255,2.56937528,0.27384672,-0.69818282,-1.00947130,-1.07903194,1.21762919,2.40146184,-0.83102846,-0.66085106,-0.98431635,-0.62600636,-1.20919609,0.14147091,0.67240834,1.92261863,-0.98505592,-1.21828365,1.55353987,1.17231524,0.07397343,0.52792728,-0.41986737,-0.93944418,0.47191092,-1.10503531,-0.46012598,0.82134098,2.23122573,-0.08925993,1.15620279,2.24809074,-0.29574054,-1.00635004,-1.08438647,0.46702564,0.02464602,-0.29896322,-1.17810500,-0.07263498,0.33145073,-0.25880554,-0.83180457,-1.07065463,1.71073544,0.17460518,-0.07402698,-0.86131859,1.09150243,-0.18559116,-1.05163515,-0.81557256,1.05061579,-0.32619235,-0.42692599,-1.22133946,-0.29051968,0.00584471,0.94048923,0.07297863,-0.50097144,0.34412679,0.89264721,-0.30716911,2.21760273,-0.04805666,-0.86235929,1.10085309,-1.02953124,0.63447094,-1.28837264,-1.02260852,-0.24146855,0.70350659,-0.23527053,-1.02567053
2.06316853,0.53346670,-1.18181837,-0.86276102,-0.82756865,0.12816790,-1.27553403,-0.25424117,-0.45636180,-0.54950529,0.25809780,0.20259154,1.25210571,1.31176519,-1.02481842,0.52618188,-0.72308201,-0.28145406,-0.94250113,-0.88012296,-0.41125527,1.71094453,1.46841657,-1.19495630,-0.08863866,-0.69707781,0.69135952,-0.89060187,3.33638787,-0.13688390,-0.72612935,0.02529524,1.13768780,0.20520501,-1.20295179,-1.21287549,0.52982289,1.54523289,1.71941376,-0.97794491,0.10166101,-0.03711007,-1.18110716,1.08064961,-0.66701764,-0.89410412,-1.03874099,0.94000310,-0.20549582,-0.21034257,0.29218644,-0.48082304,0.18078391,2.27158093,0.15026969,-0.72751433,-1.10014260,-1.06614137,0.83897889,2.60865784,-0.72983843,-0.24225505,-0.86773908,-0.67561799,-1.21460533,0.70059150,0.78577465,1.68925178,-0.95426643,-1.13575399,1.39142275,1.12678516,-0.32499570,1.16013169,-0.59902775,-1.07731807,0.17700160,-0.97060263,-0.63239861,0.31727433,1.69900703,-0.51407111,1.08859730,2.05312157,-0.26907673,-1.08077490,-1.04707706,0.63919175,0.56978333,-0.09019925,-0.72107673,0.24736476,0.31176633,0.08892973,-1.03754580,-1.17837942,1.27864289,0.26646817,-0.21962947,-1.12900686,0.97094977,0.08550739,-1.11726594,-0.88099682,0.93035823,-0.59643584,-0.49088901,-1.27447152,-0.30758646,0.20045255,1.04377747,0.64022112,-0.32772249,0.81934035,0.81612521,-0.42517531,2.41736341,0.12577599,-1.31416440,0.78382164,-1.08419836,0.79608530,-1.34469211,-1.07907093,-0.33017558,0.56450063,-0.19807754,-1.00566316
1.38646436,0.45567101,-0.91059756,-1.06831539,-0.68603075,0.02466665,-1.18326962,-0.14632335,-0.20004550,-0.15975596,0.76449811,0.46040320,1.54032540,0.42129534,-1.06976032,0.21610215,-0.30644593,0.13722025,-0.74078166,-1.06351984,-0.67014724,1.43503296,1.24547899,-1.19432163,-0.01444435,-0.69415814,0.41304114,-1.20634067,3.75186610,-0.15776481,-0.74509412,0.05735594,1.37232304,0.57128870,-1.11877918,-1.16666138,0.11706042,1.47474205,1.52619386,-1.04890776,-0.58021140,0.03766526,-1.10919690,0.94359154,-0.75193608,-0.71977788,-0.75996590,1.24166560,-0.40974599,-0.54683459,-0.30327278,-0.61216831,0.66044545,2.55027390,0.22856151,-0.39363119,-1.03714633,-1.12120581,1.31937730,2.09113765,-0.84023434,-0.46961150,-0.65508777,-0.52435917,-1.13812447,0.20794839,0.99609166,1.98050809,-0.90670878,-1.16015220,1.41574931,0.47953752,-0.36079112,1.11195409,-0.50823474,-0.85727549,0.39075613,-0.74506277,-0.51660061,0.21078156,1.93491364,-0.72466183,0.57247359,2.38911915,-0.41093048,-1.09977484,-1.06254768,0.71377611,0.38010612,-0.25776774,-1.09578562,0.32083136,0.84060788,-0.33651039,-0.73415905,-1.09723210,1.31398571,0.06668431,-0.12799679,-1.12140822,0.76999706,0.18841523,-1.03943932,-0.85030675,1.05278504,-0.42372268,-0.56551611,-1.21116054,-0.03590836,0.03605234,1.26264691,0.28307638,-0.60827821,0.69672322,0.96530837,-0.67546773,2.44222879,-0.19856815,-1.20849669,1.23292613,-1.01512313,0.36680365,-1.24787164,-1.23101211,-0.13312903,0.98014891,0.05827387,-1.01338065
1.81891704,0.13681540,-0.98577088,-1.09219766,-0.79249632,0.06321263,-1.13532507,0.16738048,-0.26812047,-0.75402033,0.33688530,0.21190959,1.63045526,0.73444337,-0.98819411,0.87768060,-0.74971235,-0.05824351,-0.98245192,-0.92126983,-0.73808193,1.76478410,1.79439867,-1.21376288,0.10424988,-0.64940780,0.86002249,-1.13638484,2.87922502,0.11551743,-0.79853660,-0.16523755,1.17450964,0.62417054,-1.11725676,-1.16821849,0.01370930,1.65581191,1.73116839,-1.08015609,-0.02625020,-0.04301406,-1.02892041,0.86694092,-0.76877075,-0.67782342,-0.83560193,0.74551940,-0.44262096,-0.52033049,0.16431966,-0.36011386,0.51731914,1.77482057,0.77440798,-0.74948943,-0.92318463,-1.02273691,1.25037515,2.66290808,-0.88461828,-0.80522174,-0.98968196,-0.46153203,-1.25158656,-0.05304643,0.31266671,1.28861749,-0.98309082,-1.04182899,1.74139178,1.32447684,0.33922431,1.10060465,-0.61497587,-0.88349563,0.43707779,-1.14345717,-0.50403190,0.53961742,1.99633813,-0.44038701,1.23822558,2.39799261,-0.40552682,-1.10707116,-1.07883000,0.31551686,0.18882598,0.28492460,-1.25914049,0.13621694,0.49037489,-0.42094383,-0.89943361,-1.08520937,1.27796018,0.39624485,-0.06804530,-0.96240664,1.39637530,-0.25535777,-1.03204942,-0.78763390,0.91233939,-0.75465399,-0.62272400,-1.11619842,-0.58319861,0.23056880,1.02358866,0.61820298,-0.50535572,0.65718979,1.17540669,-0.32176927,2.22401524,0.20185269,-1.19621027,0.89009941,-1.04151118,0.27655420,-1.21599507,-1.03484559,-0.20799917,0.53734082,-0.08544316,-1.10350132
1.17608654,0.50033265,-1.08178008,-0.94389313,-0.87964535,0.39659584,-1.23921609,-0.05607669,-0.08168966,-0.51316756,0.41479450,0.51078045,2.01155424,1.11486924,-1.19875646,0.50311726,-0.39886492,-0.03259769,-0.93242079,-0.84818602,-0.63696349,1.60054004,1.23479867,-1.08784270,0.25910032,-0.72746766,0.63156092,-1.30342734,3.08976555,-0.02176699,-0.92856705,0.46853179,0.92043388,0.47645709,-1.13501143,-1.19526732,0.13826613,1.23960662,1.82184780,-1.01415288,-0.22878546,0.14948212,-1.21037376,1.04253578,-0.68433201,-0.77378327,-0.82938951,1.36693203,-0.09209780,-0.45466018,-0.00730675,-0.78988695,0.18051444,2.67613959,0.50561821,-0.62915313,-1.03636527,-1.14745653,1.19963288,2.00608182,-0.79899722,-0.52349800,-0.95697373,-0.35398191,-1.21605122,0.33550844,1.05822504,1.80079389,-0.99251395,-0.90959436,1.58527982,0.55347371,-0.18853484,1.32473481,-0.73297995,-0.83243132,-0.01956474,-0.90780872,-0.71667981,0.23088117,2.08177972,-0.34782502,1.00125754,2.16996527,-0.41009188,-0.66052407,-1.13190007,0.33013356,0.41051331,-0.29059300,-0.99788600,0.28418574,0.06786261,-0.39495334,-0.68573481,-1.12268496,1.13414538,0.19928820,0.00467195,-1.05258465,0.89524364,0.00747139,-1.07468200,-0.78102249,0.96507180,-0.67634183,-0.74688852,-1.10949242,-0.17989656,0.08009912,1.40294302,0.08222283,-0.46433315,0.69828993,1.03454363,-0.43525541,2.60281539,-0.16152103,-1.21585298,1.13933980,-1.08609319,0.24874006,-1.31835842,-1.15369415,-0.23632708,0.95844686,-0.04707252,-1.25232971
1.20031238,0.35372597,-0.86847830,-0.87612724,-0.63942778,0.08298358,-1.15181386,-0.17012712,0.10019413,-0.14122467,0.37780708,0.46678743,1.29527617,0.99975067,-1.17634678,0.34685341,-0.37759456,0.23662724,-0.92981154,-1.08067298,-0.54728097,1.54314446,1.40792572,-1.12233174,-0.08050469,-0.88905960,0.51063979,-1.27248871,3.28030491,-0.12844156,-1.06890559,0.79501188,1.32583880,0.77277672,-0.95669562,-1.10716224,0.21150765,0.82765067,1.71298099,-1.04649091,-0.46276453,-0.26478642,-1.03616118,1.37784207,-0.92473722,-0.50853121,-0.76524597,1.04569161,-0.30424830,-0.43005395,-0.49367145,-0.35292032,-0.04309554,3.05079031,0.18586192,-0.38996294,-1.08851016,-1.06779635,1.16833174,2.54808497,-0.64585531,-0.71567345,-1.02261889,-0.73360658,-1.07836962,0.50431323,1.53271580,1.92544246,-0.93023276,-1.10691214,1.31006598,0.05952552,-0.54580271,1.24079311,-0.83700669,-1.14784348,0.22557268,-0.51169300,-0.44938102,0.18533073,1.62884152,-0.38032487,0.27877310,2.27728128,-0.60581738,-0.82419461,-0.97733295,0.33134425,0.30053771,-0.22051769,-0.87762630,0.72671062,0.47822723,-0.29179159,-0.44506326,-1.04417610,1.15676427,-0.10320724,-0.32191041,-1.03396440,0.95445657,0.23702329,-0.96369851,-1.01456296,0.87416285,-0.73902321,-0.45356968,-1.19257569,0.18601531,0.04123546,1.15981710,0.24451324,-0.55779958,0.51438689,1.00027263,-0.44172651,2.80945182,-0.36152178,-1.10273480,1.46605814,-0.96660048,0.15575820,-1.14533961,-1.17152989,-0.29326406,0.75644207,0.14490731,-0.91310138
2.12008119,0.12833586,-0.97523397,-0.97981548,-0.64235085,0.11074825,-1.09517086,0.01477639,-0.20054208,-0.66842425,0.75446665,-0.16814062,1.43585694,0.75110126,-1.13968420,0.38826099,-0.64863861,0.13038220,-0.93351823,-0.67121983,-0.58000410,2.04790878,1.92950082,-1.11805010,-0.47237352,-0.58698893,0.51295549,-1.18647802,2.90250731,-0.14371626,-0.79782438,-0.16713901,2.13185525,0.50681525,-0.98040754,-1.06232417,0.04823096,1.08969975,1.50494456,-0.97708178,-0.06846543,-0.24435905,-1.13872182,0.73375839,-0.65937978,-0.76977223,-0.94936413,0.84876096,-0.22963785,-0.75544572,0.10254557,-0.23570395,0.23997612,2.41206861,0.46548072,-0.71145904,-0.84873760,-0.94574469,1.10928035,2.26162338,-0.66068077,-0.68592423,-0.85737586,-0.84663200,-1.20624983,-0.19385666,0.81443775,1.04411769,-0.91682321,-1.12959015,1.84409153,1.13801658,0.06197640,0.94341749,-0.33814710,-1.04990554,0.56854922,-1.07958388,-0.40814272,0.60894960,2.19397926,-0.25208449,0.71256959,2.53561115,-0.75651687,-1.05598664,-0.97027427,0.56437153,0.23612928,-0.34109890,-1.22111189,0.29643002,0.57675612,-0.33618873,-0.89258075,-1.10726297,1.31427133,0.44435254,-0.20422272,-0.96002316,1.24311364,-0.09135070,-0.97098815,-0.92057693,1.18496346,-0.47819844,-0.54530567,-1.16337478,-0.23243749,0.15302756,0.68186903,0.29223546,-0.53429151,0.72497797,1.23054266,-0.48335648,2.48238468,-0.04112767,-1.08257020,0.90791941,-0.94880712,0.39436778,-1.12559748,-1.10793376,-0.27122852,0.35901913,-0.05050372,-0.96454024
2.10802293,0.48116875,-1.25398076,-0.84341139,-0.54891276,0.25707868,-1.22198153,-0.00384117,-0.73730427,-0.63460845,0.43473595,-0.35418522,1.40747344,1.15840375,-1.04581869,0.15132637,-0.69279140,-0.01800157,-1.00452101,-0.86983770,-0.41844586,1.75626194,1.56121552,-1.22488296,-0.06305709,-0.75730103,0.54012799,-0.84056306,3.15167475,0.11660151,-0.65655619,-0.33491328,1.18448400,0.26227981,-1.21523762,-1.17582726,0.66340512,1.58316994,1.68147337,-0.95541638,0.17215255,0.25401887,-1.20110261,1.17586660,-0.87858003,-0.97287577,-1.00914431,0.52867132,-0.25897810,-0.51282459,0.14548095,-0.06345426,0.34781960,2.26448870,0.28077075,-0.50584143,-1.04219186,-1.16430950,1.14032137,2.59642792,-0.80505335,-0.46787494,-0.85952109,-0.69219643,-1.21637917,0.81857210,0.43677959,1.12458181,-0.97713345,-1.20046079,1.07086647,1.67887998,-0.09110186,0.87668264,-0.47924438,-0.71778083,0.10144094,-1.07843626,-0.57223755,0.69429338,2.41363859,-0.55054134,0.65564811,2.01944256,-0.01306136,-0.85113215,-1.11978471,0.33273593,0.38415557,-0.29730973,-0.68936437,-0.08112507,0.50650489,-0.14522403,-1.07300186,-1.16301060,1.63585794,0.58542866,-0.16774674,-1.26262021,1.09581995,-0.19202854,-1.12577069,-0.78247058,1.00635290,-0.60662675,-0.30636841,-1.28912675,-0.31612247,0.07357117,0.81204849,0.63124371,-0.44801959,0.65007079,0.70660758,-0.36266911,2.30572534,0.35622892,-1.09462631,1.10042012,-1.09169662,0.58463639,-1.36405742,-0.98535061,-0.19978604,0.33455369,-0.12486819,-1.05608034
1.20728242,0.50973105,-1.21758783,-0.94972551,-0.80596066,0.22069968,-1.31673157,-0.20822348,-0.06622376,-0.67321342,0.58479095,0.31810763,2.16620350,1.13268018,-1.34360695,0.55738139,-0.61867821,0.14158082,-0.82891732,-0.98691493,-0.85040420,1.61944997,1.33608842,-1.06018436,0.24275047,-0.61697441,0.55769020,-1.11233163,3.11105847,-0.11984197,-0.57040447,0.04111582,0.71235186,0.61798984,-1.22191453,-1.25090730,0.27517790,1.59770703,1.73999083,-1.07881057,-0.04105550,0.21580943,-1.26383376,1.35575759,-0.92658383,-0.63850266,-0.79153395,0.78285784,0.06760913,-0.43114218,0.16249000,-0.71175164,0.40125814,1.89803600,0.21018477,-0.72668707,-1.21561658,-1.07127678,1.30100548,2.14400887,-0.46040997,-0.41008505,-1.04071081,-0.53900164,-1.22584140,0.59094369,1.06865871,2.15316534,-0.94561988,-0.80971146,0.99435663,1.12190509,-0.37665975,1.11235845,-0.54686469,-1.11761451,0.02526037,-0.92167354,-0.69316405,0.15465850,1.74597096,-0.72405994,0.93628472,2.31075144,-0.55124629,-1.05905998,-1.18002200,0.54346871,0.50855249,0.09205429,-1.10850251,0.65727216,0.29305425,-0.05747316,-0.60669911,-1.19485247,1.32118034,-0.05042045,0.00350160,-1.13099372,1.15350437,0.29954666,-1.11186028,-0.57234544,0.78507054,-0.57512009,-0.63147640,-1.30805409,-0.29657808,0.10991024,1.26986432,0.24822488,-0.55634212,0.53756732,0.88128257,-0.14885506,2.26982903,0.09586764,-1.31361961,0.91057009,-1.12413287,0.49428183,-1.39951527,-1.16948879,0.06599580,0.86120021,0.11153911,-1.28288305
1.30209029,0.29985207,-0.96543002,-1.07225990,-0.87543947,0.26019672,-1.16157615,-0.17999463,-0.00785621,-0.07945291,0.32438493,0.18322165,1.67228389,0.98606879,-1.05081868,0.37102452,-0.43806508,0.08207171,-0.77265239,-1.05806839,-0.59852868,1.64869714,1.43325865,-1.13917124,-0.12806803,-0.77077508,0.62538612,-1.29013562,3.26022768,-0.23562832,-0.98325121,0.54736441,1.13149941,0.69327396,-1.06735742,-1.12340927,-0.00135963,1.23332369,1.79365432,-1.01191711,-0.38789752,0.08043886,-1.15063369,1.00757635,-0.76247263,-0.71586841,-0.82473606,1.23152697,-0.15043500,-0.33653772,-0.17592561,-0.53981519,0.07556202,2.80730224,0.36409873,-0.55088663,-1.12066495,-0.94039571,0.80364841,2.50022840,-0.87272692,-0.76417506,-0.73593313,-0.51274478,-1.15101182,0.58666009,1.19795442,1.69081962,-0.95545322,-1.12148893,1.64286518,0.25181672,-0.20191775,1.27351451,-0.84132636,-1.11015534,0.16781545,-0.79579264,-0.44251233,0.50919002,2.07272482,-0.44758147,0.43821499,2.19929552,-0.15174654,-0.91511858,-1.01450217,0.47390428,0.35545033,-0.17268045,-1.00384939,0.21879448,0.17579842,-0.54289818,-0.52108073,-0.95037884,1.08518469,-0.01542627,-0.25377506,-0.96309978,0.92250520,-0.01553640,-0.99240047,-0.92420065,0.98222041,-0.58207172,-0.71120650,-1.09747958,0.01764500,0.25754490,1.37135625,0.34145835,-0.43543440,0.66075999,1.39636731,-0.64412206,2.45373654,-0.39806876,-1.22486186,1.33738935,-1.00729048,0.16155578,-1.18948793,-1.09685278,-0.35136771,0.91593951,-0.01651763,-1.06498456
1.90439844,0.08734464,-0.68957424,-0.89673030,-0.82001185,-0.08938552,-1.06309581,-0.00162307,-0.19604528,-0.56155151,0.30826074,0.11441524,1.45897114,1.00594652,-1.19491303,0.61352068,-0.59399891,-0.05405375,-0.96936101,-1.03669846,-0.49207017,2.17710948,1.54112899,-1.11232615,-0.26325381,-0.57084197,0.67368001,-1.21456409,2.97504091,-0.20657511,-1.00077319,0.04486726,1.87083912,0.56935066,-1.03815675,-1.10155773,-0.04301267,1.22037196,1.65829229,-1.06992745,-0.21636586,-0.46552846,-1.05515480,0.63359731,-0.73768216,-0.38076755,-0.92357689,1.19431603,-0.29599020,-0.77276659,-0.06907928,-0.24473625,0.49080083,2.35289621,0.55593640,-0.67741978,-1.04389369,-1.07591212,0.86314744,2.73262858,-0.59080160,-0.77482629,-0.74641663,-0.84480870,-1.12306166,0.12401835,0.78767246,1.29002750,-0.91984719,-1.08021712,1.49623132,0.86798644,-0.34803939,1.12126839,-0.60297573,-0.90913051,0.53970200,-1.00220120,-0.38233900,0.94160366,1.83046424,-0.13429549,0.57860214,2.43967867,-0.48562968,-1.04530823,-0.94601727,0.47571203,0.02045145,-0.24376033,-1.19134486,0.37766671,0.54511189,-0.18942167,-0.79482412,-1.13214362,1.13252938,0.21871403,-0.25167540,-0.85972077,1.19320905,0.15499914,-0.97071260,-0.96270728,1.23897445,-0.64315963,-0.50517410,-1.17663550,-0.32224542,0.20176119,0.86448514,0.18050978,-0.52705091,0.65475887,1.19458961,-0.67510170,2.68078399,-0.17651790,-1.08719373,1.15758026,-0.92226595,0.48511174,-1.14479995,-1.04214287,-0.32535091,0.43656459,0.01674750,-0.97553927
1.86178780,0.25786498,-1.03582585,-0.96852475,-0.65957212,0.16109569,-1.13622570,-0.17898658,-0.36215463,-0.57824248,0.96081573,-0.20234482,1.91514218,0.85681236,-1.12378752,0.23440771,-0.53814304,-0.18241693,-0.91997552,-0.75769234,-0.76907623,2.24453640,1.40028715,-1.07362378,-0.27480656,-0.92213058,0.24086791,-1.10862041,3.18239546,-0.07519456,-0.75825143,0.14530596,1.61102104,0.14550467,-1.08559585,-1.10593808,0.19713964,1.22940195,1.56810355,-1.08000970,-0.41183090,0.27775219,-0.93697041,0.77927309,-0.42923251,-0.87046987,-0.74714762,1.03148663,-0.22285534,-0.74236345,-0.07973785,-0.38232154,0.17016082,2.71006656,0.47416505,-0.41829902,-1.05999148,-1.02695811,0.81828302,2.57078409,-0.74800539,-0.67434204,-0.68945694,-0.61393440,-1.17345703,0.10112452,0.62854809,1.33645165,-0.94883776,-1.10487080,1.41440368,1.43259203,0.07597459,0.50855166,-0.19183996,-1.05644369,0.53108573,-1.17323685,-0.43767226,0.84077972,2.15681624,0.06100025,0.57788414,2.68595791,-0.78265935,-1.03469718,-1.04677343,0.59651959,0.16796640,-0.19014984,-1.09824562,0.02043457,0.26224902,-0.15021874,-0.78538001,-1.06357980,1.07273662,0.41981232,0.07336207,-0.84888798,1.20070899,-0.02738749,-0.98384190,-0.92961597,0.76950794,-0.68612641,-0.43678665,-1.04315770,-0.35170230,-0.03296607,1.07529938,0.13657118,-0.50946379,0.55984229,1.20271802,-0.45311984,2.21868396,-0.14889804,-0.93415141,1.09447193,-0.97113258,0.42385706,-1.21583474,-0.93257141,-0.52693522,0.56592536,0.10514589,-1.13974452
2.05427837,0.56245285,-1.06856394,-0.95701903,-0.62238771,0.16844958,-1.23263538,-0.12098898,-0.57019031,-0.51245892,0.37183204,0.22132663,1.19115222,1.01330471,-1.04367220,0.59731781,-0.72637564,-0.22233690,-0.93719053,-0.84190136,-0.41385844,1.38306618,1.32696259,-1.13888824,-0.10395057,-0.66610038,0.37755546,-0.99396187,3.56827307,-0.01134729,-0.72934550,0.25331903,1.36480284,0.12657551,-1.15029752,-1.24871242,0.29365253,1.35006905,1.73808956,-0.90797037,0.05280707,-0.00398175,-1.24366415,1.19740438,-0.41415921,-0.83593458,-1.02358401,0.86646360,-0.20012888,-0.22762923,0.15062355,-0.58815587,0.32459283,2.64405799,0.01142845,-0.58872223,-1.09475195,-1.09812248,1.01920450,2.37458825,-0.84179240,-0.27887771,-0.95628542,-0.54210913,-1.13989985,0.65055847,0.45300901,1.70121682,-0.97530293,-1.23872697,1.36388958,1.02865660,-0.32909274,1.36479139,-0.58564627,-0.97320789,0.23193702,-0.89593327,-0.65665203,0.25866777,2.01786470,-0.50648242,0.67864805,2.27411032,0.09810780,-0.99949712,-0.92994720,0.59809697,0.36040825,-0.31880081,-0.76573145,0.00504674,0.27569926,-0.19985579,-0.99500537,-1.20551360,1.37338805,0.21223228,-0.00479558,-1.16580474,0.75977921,-0.16453449,-1.10041988,-0.80195647,0.95755810,-0.67549455,-0.39561710,-1.32178640,-0.07902139,0.10580584,1.19851136,0.56526107,-0.52432919,0.76450974,0.95348883,-0.49891138,2.33006716,0.12991279,-1.30336344,0.95197922,-1.06673837,0.83196133,-1.31706989,-1.14801669,-0.27370146,0.61765742,-0.11229174,-0.88927007
1.84100306,0.59214312,-1.04416370,-0.94296616,-0.76837319,0.37995544,-1.28020525,0.03917038,-0.52499431,-0.45000359,0.50756556,0.57897091,1.23734057,0.84514493,-1.11971450,0.16292140,-0.56502187,-0.20470913,-1.01034057,-1.11536729,-0.87519342,1.73683715,1.13238430,-0.94371605,0.03839204,-0.58459204,0.49399635,-1.08557844,3.54811025,-0.14944746,-0.53192955,0.32456994,1.44479442,0.32209402,-1.19783580,-1.12293434,0.11448215,1.53120840,1.39306629,-0.89934039,0.04066485,0.22976881,-1.19464338,0.80668861,-0.49862465,-0.82006359,-0.97425181,0.92005771,-0.31838357,-0.21662518,-0.01051962,-0.68673313,0.62068945,2.37766576,0.43153092,-0.67494518,-1.20340061,-1.08048713,0.97874552,2.08326149,-0.94066387,-0.27439791,-0.59698546,-0.64307678,-1.03763604,0.21516356,0.72827983,1.85110807,-0.97008914,-1.09881067,1.24460769,0.84100503,-0.25101027,1.46362484,-0.41816199,-1.04994631,-0.01170668,-0.98019087,-0.49348801,0.33714986,2.29514861,-0.66633660,1.23925424,2.26384330,-0.24630775,-1.09297967,-1.09155715,0.59754866,0.31104097,-0.32285121,-1.18511641,-0.11177450,0.33816507,-0.12546387,-0.95542336,-1.09310281,1.55974996,0.09533662,-0.12633306,-1.09000695,0.89399385,-0.34124640,-1.09935200,-0.53021544,0.69475085,-0.49888361,-0.50645709,-1.25759792,-0.12815779,0.29697803,1.35267329,0.48289990,-0.47903043,0.60016638,0.90379763,-0.48054016,2.36878753,0.12994903,-1.28685677,1.10063887,-1.07694149,0.72126377,-1.27155018,-1.12664437,-0.15820624,0.58960301,-0.06369487,-0.99585372
1.45911539,0.34071356,-1.21567333,-0.93797827,-0.70518064,0.44907585,-1.18844748,-0.22991855,-0.27694640,-0.38185039,0.75172311,0.36833808,1.51562798,0.97348469,-1.08913004,0.16201328,-0.31578264,-0.27819422,-0.94127160,-0.78228348,-0.72677171,1.64334428,1.12633741,-0.96998286,-0.05837608,-0.77466464,0.57016498,-1.15945113,3.23965836,-0.05639801,-0.47996268,0.29171818,1.14087129,0.33486131,-1.21241391,-1.27640891,-0.06748354,1.44173336,1.97498250,-1.02548099,-0.21194066,0.28175330,-1.09152341,1.03337717,-0.84795374,-0.89128011,-0.82675463,0.66345346,-0.26198673,-0.48019940,0.07447442,-0.72716850,0.37500042,2.11548543,0.43383843,-0.55429834,-1.15004647,-1.11459506,1.13970792,2.36325121,-0.88857526,-0.24055345,-0.62130320,-0.57125193,-1.07971597,0.37518954,0.88266528,1.97030783,-0.99599797,-1.25790215,1.59994781,0.50141460,0.08899317,1.13845849,-0.35814157,-1.11900914,0.25830543,-0.90488189,-0.74013001,0.42891398,1.95689309,-0.49367729,0.46069211,2.65582609,-0.23877668,-1.20201790,-1.14352870,0.80820328,0.46492854,-0.39638251,-0.87244731,0.09432867,0.37065876,-0.42376083,-0.42266333,-1.20465040,1.31758428,0.11232585,-0.01688588,-1.09787774,0.90686381,0.05667198,-1.09043145,-0.62729180,0.97783893,-0.39385259,-0.76928866,-1.21184468,-0.29062930,0.33087957,1.30137968,0.18824309,-0.37653342,0.68072981,1.25783193,-0.45680457,2.51385546,-0.05503802,-1.17896748,1.04201066,-1.09681726,0.27902666,-1.34938741,-1.12044561,-0.35054776,0.95265239,-0.03013180,-1.24178386
1.19454801,0.31921259,-0.94840580,-0.75344712,-0.65904647,0.23594579,-1.16905224,-0.51518244,-0.39787489,-0.36653897,0.41920641,0.19532058,1.77762926,1.60393798,-1.25476909,0.39089471,-0.60147232,0.00962139,-0.78007692,-1.08630502,-0.51606321,1.65753734,1.71285689,-1.12431061,-0.29997432,-0.92692411,0.76153004,-1.18631792,2.96688342,-0.01863807,-0.67784560,0.26956713,1.12926102,0.32987109,-1.11381412,-1.14893246,0.20747297,1.13933301,1.94843769,-0.82546937,-0.16482607,0.03221699,-1.03953469,1.15788412,-0.83773232,-0.69227183,-0.76560313,0.70590031,-0.22431533,-0.35215932,-0.17219898,-0.52586776,0.15280083,2.63596916,0.40653062,-0.55853152,-1.04915559,-0.98878169,0.83390963,2.52921867,-0.79451323,-0.50635636,-0.86192149,-0.41513768,-1.17162991,0.23283857,1.27734077,1.59642851,-0.90859818,-1.09470272,1.86534512,0.56958741,-0.04399247,1.25209689,-0.55964446,-1.08353758,-0.06447393,-0.96715516,-0.63033837,0.32271689,2.46006751,-0.36252099,1.09370029,2.01225591,-0.60953367,-0.81200916,-1.04704583,0.24939200,-0.03982414,0.08634175,-1.18493307,-0.06215693,0.49247146,-0.24178684,-0.92862982,-0.96440125,1.38587761,0.20013294,-0.18982871,-1.18455279,1.32190740,-0.19226448,-0.99825788,-0.76754355,0.77795774,-0.49262065,-0.44934860,-1.16822004,-0.24255861,0.42128488,1.10968626,0.06293830,-0.52935201,0.65345198,0.92670363,-0.69794661,2.38895130,-0.16412748,-1.07390869,1.30275261,-1.00573897,0.38477230,-1.22464931,-1.05165851,-0.39202446,0.65455729,0.17546980,-1.07963932
1.67262435,-0.04491797,-1.00546110,-0.96345282,-0.63778585,-0.19226471,-1.10144699,0.27880558,0.20786978,-0.66461825,0.32622132,0.19903497,1.53710365,1.38104439,-1.03386223,0.16175041,-0.50522405,-0.01086743,-0.81337231,-0.93479908,-0.14802065,1.41517854,1.81837571,-1.17369485,-0.11110674,-0.86454290,0.28374058,-1.20410240,3.24192762,-0.12691633,-0.85923541,0.40662879,1.81990087,0.50465101,-1.10044611,-1.22084701,0.14293249,1.06680322,1.56716287,-1.02944720,-0.21748739,-0.16653065,-1.04801846,0.90779442,-0.71315384,-0.67716360,-0.86933237,1.07190454,-0.15581010,-0.33027580,-0.23981178,-0.43507528,0.18394785,2.63844609,0.11422931,-0.43148977,-0.88923091,-1.10960460,1.49271035,2.03248906,-0.63993394,-0.58235925,-0.86264533,-0.60549629,-1.03486192,0.64367282,1.14019060,1.54209089,-0.92985880,-1.15288901,1.52158058,0.33890739,-0.53171062,1.39490223,-0.42055532,-0.95786715,0.31705332,-0.99129426,-0.55114722,0.15198994,2.15216088,-0.48987761,0.96840549,2.37487245,-0.39556599,-1.06054711,-1.05789113,0.03278912,0.08892246,0.09336351,-1.10154080,0.26419842,0.27402243,-0.00932392,-0.62105405,-1.13103890,1.55303574,0.73991132,-0.03519545,-1.11095917,0.86402959,-0.32991385,-1.02892184,-0.98852795,1.16135740,-0.94228166,-0.57011217,-1.21181118,0.02448520,-0.09806467,1.14275765,0.16809639,-0.54698581,0.70861459,0.83162594,-0.46122953,2.37619662,-0.30740491,-1.18660331,1.22950280,-1.01090300,0.51272219,-1.22463870,-1.12316775,-0.35262272,0.59330809,-0.03189942,-0.95992529
1.46296465,0.28762200,-1.12966609,-0.85302705,-0.75128287,0.04689814,-1.12240303,-0.01773303,0.31858647,-0.67460912,0.57869655,0.04753666,1.13814914,1.84106100,-1.08249891,0.12950166,-0.67365623,-0.24774292,-0.81702441,-1.05698991,-0.60859644,1.60990942,2.01714444,-1.05228186,0.18119772,-0.77922904,0.46276867,-1.19649363,3.00452590,-0.00507652,-0.90733176,0.14998861,1.75603127,0.52161080,-1.10120666,-1.18258095,0.26120824,1.62699854,1.54688847,-0.82256317,-0.04831868,-0.33282459,-1.10252726,0.95657498,-0.70705456,-0.98117495,-0.94067520,0.81829506,0.23661698,-0.39503366,0.01304806,-0.60542476,-0.15294294,2.60878897,0.40552187,-0.58192247,-0.93047833,-1.09133089,1.00629961,2.16147828,-0.82092851,-0.45866477,-0.95347875,-0.56619221,-1.04971623,0.10675772,0.97483832,1.37582350,-0.93241537,-1.11533654,2.12117219,0.62083799,-0.21646030,1.39078271,-0.49033916,-0.88925904,0.11431886,-1.13439488,-0.54332858,0.02874785,1.82917142,-0.25452828,1.61905849,1.75201881,-0.65348786,-1.00296140,-1.01550281,0.05156124,0.41450673,-0.13076417,-1.11672747,0.07881455,0.51979399,0.18724433,-0.83187312,-1.08671105,1.80015087,0.35279554,-0.12397559,-1.15007114,1.52185881,-0.47587150,-1.01549327,-0.78788543,0.84989411,-0.55443871,-0.43308458,-1.26957679,-0.10417854,0.06268048,0.76989168,0.15111949,-0.38987446,0.36321664,0.50713778,0.05645963,2.57852125,-0.00902725,-1.06196535,0.64274520,-1.00329757,0.82829672,-1.26526344,-1.09606576,-0.20371880,0.49291602,-0.12111956,-1.07936680
1.13781202,0.38523927,-0.94197559,-0.89426452,-0.64105517,-0.04551312,-1.11899340,-0.24324295,0.36683735,-0.09872112,0.75045139,-0.06782360,1.39372694,0.99076432,-1.22293556,0.23673159,-0.31766292,0.28449482,-0.80938607,-1.11351717,-0.88720882,1.54483390,1.23275697,-1.19407535,-0.09631307,-0.77392936,0.58182371,-1.16705751,3.30824900,-0.31300303,-0.74974817,0.62525135,1.46779013,0.32721022,-1.12643242,-1.14987624,0.27593115,0.95158988,1.39458168,-0.88064295,-0.49295264,0.07506797,-1.00247884,1.37860501,-0.83699507,-0.82545692,-0.75628299,1.30796468,0.07377055,-0.18922402,-0.48450184,-0.36161071,-0.19527814,2.86832237,-0.00707734,-0.53118175,-1.02972150,-1.12559593,1.46315074,2.43209076,-0.78900200,-0.78668284,-0.96063781,-0.57611436,-1.08413792,0.29370520,1.70771849,2.46123981,-0.85224777,-1.14371395,1.23433971,0.20851383,-0.43529746,0.55433798,-0.55399120,-1.05168760,0.57395035,-1.01896799,-0.63282037,0.05353238,1.22643507,-0.07645487,1.00523984,2.46285748,-0.92462951,-0.93084460,-1.05675948,0.82992303,0.18601614,-0.23680186,-0.87137848,0.43222263,0.29413897,-0.33568323,-0.31901363,-1.09884071,1.41359246,-0.17368390,-0.18342416,-1.05505741,0.84480011,0.38866857,-1.04283845,-0.77981162,0.78895837,-0.42798555,-0.59280592,-1.21163499,0.09694276,0.13439271,1.11329949,0.00047236,-0.63642758,0.10717395,0.91815996,-0.31119558,2.48243332,-0.30472377,-0.97373348,1.11990523,-1.02596688,0.32953092,-1.22558630,-1.20575476,-0.04111609,1.25294244,0.19897750,-0.95027900
1.63346457,-0.07387834,-1.01073861,-0.85604900,-0.77563685,-0.18039350,-1.03899097,-0.15778849,-0.19059215,-0.60474479,0.74890953,0.20615716,1.46123195,1.41283691,-1.11515677,0.56279057,-0.72301847,-0.05627468,-0.95780087,-0.97027552,-0.50744188,1.89841819,2.03811002,-1.11363888,-0.18269429,-0.89030689,0.54413128,-1.23457289,2.88987732,-0.05323736,-0.90077019,0.26521105,1.98700702,0.45470485,-1.04767942,-1.06372619,-0.05015374,0.98230118,1.77492237,-1.04485559,0.04142626,-0.35356334,-1.06243610,1.01916528,-0.72860473,-0.76458472,-0.81031263,0.67900234,-0.07877388,-0.45598260,-0.10180324,-0.35257497,0.11662707,2.59752536,0.33079422,-0.45978194,-0.98563534,-0.96310681,0.80348963,2.33092403,-0.65627778,-0.60487634,-0.94658905,-0.73007119,-1.12985551,-0.11872483,1.16440201,1.54178333,-0.88293380,-1.08448982,1.86525595,0.62526155,-0.18350698,1.39059091,-0.70732737,-1.04550922,0.39915872,-1.02271008,-0.42879292,0.15524454,1.97895658,-0.27642843,0.84893841,2.24223304,-0.80159891,-1.01041484,-0.93546689,0.17454801,0.18972167,-0.03322564,-1.10043085,0.23761165,0.44539917,0.09806827,-0.89483428,-0.90637553,1.37773287,0.05669604,-0.10623296,-1.01491022,1.38990271,-0.22322726,-0.94246411,-0.84528065,0.76673126,-0.71380520,-0.52112949,-1.14198112,-0.08298568,0.13631167,0.93098336,0.45300400,-0.30826101,0.24573348,0.99718755,-0.01156411,2.86157012,-0.12635046,-1.10804248,0.97968453,-0.91854125,0.35740161,-1.14841199,-1.10457861,-0.24848156,0.29960811,0.03791149,-1.04239655
1.19463074,0.18608510,-1.02485037,-1.08786082,-0.85418791,0.71080297,-1.18784153,-0.36591932,0.07045997,-0.21980658,0.72555375,-0.17534944,1.58870888,1.36084580,-1.21031964,0.47849527,-0.74681437,0.05930488,-0.76555288,-0.88422441,-0.79558963,1.76769090,1.93810093,-1.12720954,-0.25904202,-0.25941804,0.20019183,-1.27555096,2.96359348,-0.19988665,-0.78825510,0.35097554,1.46057820,0.53918815,-1.14231074,-1.18341494,0.01584653,1.48243332,1.52869725,-0.89853245,-0.23353390,-0.00773727,-1.16869533,0.80998468,-0.48981631,-0.89752424,-0.83399105,1.14021158,-0.05436561,-0.37848184,-0.06770279,-0.60921246,0.26455501,2.57370448,0.36454511,-0.59260815,-0.98623860,-1.06640446,1.13980365,1.93653953,-0.51954901,-0.47161347,-0.94670117,-0.61221111,-1.16301370,-0.03454230,1.36985385,1.62775743,-0.94381005,-1.15504038,1.40358996,0.51414704,-0.10644127,1.61991942,-0.50097030,-1.05049920,0.29181230,-1.19355679,-0.72958994,0.39109153,2.29493880,-0.46799707,1.01221669,2.01941490,-0.50076604,-0.92720962,-1.02948749,0.36572266,0.01675839,-0.39536226,-1.16346622,0.44102773,0.05101949,-0.29167408,-0.49316695,-1.12639487,1.64675617,0.04334825,-0.32770255,-1.06858349,0.90217644,-0.12131416,-1.03156364,-0.47241879,1.17046809,-0.28327611,-0.53389496,-1.25644565,-0.00974429,0.17081293,0.94036138,0.04803598,-0.26230109,0.58134621,1.19372141,-0.24496107,2.50787473,-0.45296481,-1.23755622,1.36349702,-1.01102269,0.46555927,-1.23059225,-1.12859452,-0.17361590,0.56175715,-0.20679739,-1.15184879
1.55956244,0.24513832,-0.89475030,-0.89626265,-0.67543125,0.42396268,-1.21547234,-0.41072366,-0.07159802,-0.56885535,0.45713937,-0.07913566,1.74693489,1.22876644,-1.35961831,0.53746462,-0.64631587,0.14319101,-1.01715004,-0.94850552,-0.54229987,1.79272175,1.57768583,-1.00629628,-0.11808118,-0.54955667,0.40735653,-1.06592762,2.83114505,-0.03708107,-0.72141159,0.10806609,1.36352468,0.12731560,-1.14917421,-1.24061668,0.38144639,0.93984199,2.18961811,-0.99129713,0.02426417,-0.13922252,-1.21994817,1.02732050,-0.22201237,-0.88069564,-0.88961130,0.81537145,0.07344274,-0.24530183,-0.36761120,-0.36877075,0.29239973,2.27377391,0.49301961,-0.56387800,-1.03645670,-1.08712220,1.26979554,1.88549078,-0.85270876,-0.39947221,-1.13972795,-0.33776307,-1.20487177,0.21425579,1.47743773,1.29570818,-0.98144573,-1.17386687,1.66330993,0.80926883,-0.13755049,1.18154395,-0.56546080,-1.09609902,0.61574453,-1.19223368,-0.70023334,0.40737760,2.40180659,-0.49999067,0.88235992,2.49790287,-0.10711440,-1.17942882,-1.09204185,0.45602244,0.12063651,-0.34091434,-1.28848398,-0.17605543,0.17857198,-0.06502068,-0.78333926,-1.03666973,1.50997698,0.00804797,0.08263852,-0.99541682,1.00630057,-0.04528846,-1.08168626,-0.66141808,0.96481591,-0.49956498,-0.45462447,-1.29391241,-0.12323490,0.05976989,1.19515264,-0.00779366,-0.32247397,0.64851505,0.94562012,-0.26646596,2.42444515,-0.14447756,-1.15928590,1.09392118,-1.06676090,0.65889543,-1.33757520,-1.19977129,-0.13193227,0.51820970,-0.05315728,-1.11249089
1.10545766,0.17025089,-1.16423655,-1.03712809,-0.89033282,0.47274691,-1.20576394,-0.04194465,-0.05491332,-0.16472775,0.64825517,0.48774689,1.74082458,0.86326772,-1.23729205,0.51398253,-0.39121950,-0.33513901,-0.88447690,-0.70817322,-0.68321913,1.60537696,1.46448982,-0.99048370,-0.13546331,-0.61552095,0.17619273,-1.27631414,3.24361587,-0.16428518,-0.78313637,0.69254446,1.22853899,0.53951889,-1.06551743,-1.19963336,0.02260076,1.18887854,1.57902706,-0.98962241,-0.17057092,0.35675931,-1.22477663,1.15492320,-0.48636463,-0.83273965,-0.69614261,0.96938634,-0.21304588,-0.20960526,-0.09906158,-0.92754447,0.20241758,2.37693954,0.42031005,-0.55560690,-1.17384398,-1.08454430,1.17235243,2.14622641,-0.66762346,-0.55322015,-0.64154971,-0.28844789,-1.14471090,0.20013130,1.17121756,1.91310251,-1.00831747,-1.18270600,1.43201983,0.56133252,-0.02728457,1.45591640,-0.64693046,-1.16191137,0.11499733,-0.88085252,-0.76361835,0.32122269,1.92104459,-0.58778614,0.60323668,2.64455914,-0.29797930,-1.12908089,-1.08068573,0.75222194,0.31047142,-0.27701581,-0.92063439,-0.06175745,-0.01750427,-0.35920128,-0.32200891,-1.09836006,1.17499316,-0.07451136,0.04492080,-1.16765165,0.93406808,0.30982274,-1.05816305,-0.73678112,0.87309968,-0.45700669,-0.84062612,-1.20185614,-0.27215689,0.32095468,1.20980132,0.25219122,-0.40775335,0.31532890,1.44316196,-0.36643121,2.58982754,-0.38069725,-1.16441596,1.13737094,-1.07256341,0.30992627,-1.28629315,-1.13857663,0.02071742,1.04179943,-0.20234014,-1.28268802
1.37590086,0.57774699,-1.02070761,-0.68983144,-0.79579133,0.18312925,-1.16473246,-0.19588640,-0.06502863,-0.03368223,0.30755207,0.02361099,1.49356771,0.74329489,-0.85141939,0.42083630,-0.38336810,0.21152288,-0.88909072,-1.11580634,-0.65462095,1.77370870,1.27640486,-1.12742150,-0.06228229,-0.77054417,0.52556843,-1.15955198,3.16867900,-0.30002782,-1.10200226,0.73459673,1.35298288,0.54021573,-0.98958749,-1.16673183,0.10099415,0.81160223,1.78864336,-1.03921175,-0.61245137,0.01233728,-1.06935894,1.18634558,-0.77412087,-0.53908592,-0.85900265,1.32110333,-0.33655474,-0.42754909,-0.25679916,-0.46041027,0.07166693,2.96446776,0.24505541,-0.42095867,-1.05112183,-0.96310806,1.10854077,2.50098395,-0.82107240,-0.73788428,-0.95500720,-0.75441211,-1.03830922,0.44487491,1.33594441,2.03799748,-0.91500831,-1.12716246,1.44945836,0.19036280,-0.35847932,1.25789785,-0.82936013,-1.03854048,-0.02670992,-0.76596725,-0.52894437,0.35601234,1.72677028,0.00976918,0.15025605,2.18082500,-0.31208470,-0.93423277,-1.00647354,0.57604784,0.17116188,-0.30562326,-0.79218620,0.53726280,0.42800209,-0.44041216,-0.37315792,-1.09809136,1.09647202,-0.19257256,-0.17969072,-0.88037205,0.73127168,0.26829216,-0.97736144,-0.86539489,1.05360615,-0.65673018,-0.65985042,-1.22504222,0.02698020,0.17729685,1.28083527,0.16882162,-0.48481438,0.56358844,1.23916733,-0.62995243,2.88004780,-0.35491297,-1.16514790,1.37877703,-0.98192590,0.15445083,-1.16882026,-1.15290058,-0.42651308,0.79738158,0.06609020,-1.04781044
1.79605770,0.07107595,-1.02648985,-0.65116364,-0.75739384,-0.11756974,-1.04386270,0.02976284,-0.25791383,-0.59138703,0.55039060,0.11810274,1.41102743,1.37405443,-1.13952291,0.27237108,-0.73410898,0.23405425,-0.90205556,-1.01248229,-0.50798631,1.92686069,1.92614758,-1.07304561,-0.15998131,-0.67488569,0.39451545,-1.21760452,2.92784309,-0.07409966,-1.02989662,0.07650450,2.06486630,0.47860414,-1.03093612,-1.09046614,-0.06900366,1.10059714,1.63730061,-1.04516685,0.09683798,-0.33134809,-1.07973444,1.15597701,-0.80174351,-0.83331650,-0.85803795,0.86885262,-0.15140678,-0.56597251,0.13855411,-0.36632791,0.20924503,2.53330255,0.22109477,-0.55987662,-0.95999467,-1.00956845,0.80096847,2.38411927,-0.69857681,-0.48967397,-0.90444463,-0.87054694,-1.13168979,-0.14168032,1.23590386,1.22429538,-0.89830607,-1.07428610,1.88329971,0.65354824,-0.45003068,1.34940493,-0.52178878,-0.92545837,0.41393515,-1.03514683,-0.22262444,0.13718411,1.83188260,-0.13396426,0.82434362,2.25735474,-0.70836645,-1.06955099,-0.94600463,0.48716551,0.14558142,-0.12731138,-1.14950585,0.16458467,0.48187557,-0.00339185,-0.86793351,-0.91213089,1.50213337,0.21204577,-0.10541127,-1.03266168,1.39244783,-0.31112531,-0.94945711,-0.95853370,0.96232456,-0.64355159,-0.62142217,-1.16997623,-0.08829390,0.10922191,1.01428199,0.27088913,-0.38238108,0.36691535,0.76756483,-0.23695326,2.80831790,-0.25132084,-1.12365031,1.06600678,-0.93185443,0.64016819,-1.14354956,-1.05532467,-0.33499029,0.28789213,0.07808078,-1.02051866
1.73429716,0.11169744,-0.83331507,-1.06748939,-0.79493016,0.04716368,-1.14361870,-0.24415706,0.14249164,-0.39897645,0.79892343,-0.13396530,1.31783283,0.93361527,-1.22008979,0.39732853,-0.40572122,0.10838263,-0.89483351,-1.15090358,-0.71653885,1.87549949,1.87742603,-1.18336487,0.15130001,-0.48821247,0.33300918,-1.25235999,2.94096947,-0.27059871,-0.89834952,0.14754203,1.67595589,0.41665253,-1.11223876,-1.12200582,-0.00884538,1.57739592,1.59211600,-1.05260575,-0.33109218,-0.20736869,-1.13877606,0.94917876,-0.62725300,-0.68192112,-0.95940018,1.34794331,0.07403205,-0.31626561,-0.41271806,-0.40150052,0.38442966,2.58248186,0.41767424,-0.51616532,-1.14395356,-0.98240501,1.16361976,1.91173112,-0.71495855,-0.53658772,-0.90137941,-0.47811732,-1.11320412,0.05538819,1.16654396,1.86842954,-0.95879364,-1.11283541,1.34433413,0.36299691,-0.40590531,1.39342451,-0.60248017,-0.95147395,0.54870731,-0.97364986,-0.56257170,0.42005745,2.04057407,-0.21057121,0.96306592,2.36339760,-0.60284227,-1.02405834,-0.99924791,0.42071077,0.10184817,-0.38229996,-1.14979160,-0.02770015,0.50768447,-0.25788635,-0.63415027,-1.04926479,1.63975871,0.14555764,-0.25315917,-0.94803447,0.99408507,-0.02908158,-1.00061917,-0.78607601,1.04559577,-0.44843003,-0.44933283,-1.17825186,-0.09906240,0.17372152,0.90340108,0.06120821,-0.63501805,0.55862468,1.02868366,-0.56824499,2.58701515,-0.29816172,-1.10398006,1.21477509,-0.97315729,0.48274279,-1.23296916,-1.20338631,0.10446185,0.63669854,-0.31131139,-0.86419588
1.91002345,0.30987090,-0.90758568,-0.87644315,-0.62460923,-0.04327996,-1.15593708,0.06475122,-0.18463205,-0.63959628,0.92915052,-0.17406158,1.66411412,0.67744428,-1.11621869,0.25292206,-0.75529832,-0.29142371,-0.93450308,-0.90893799,-0.86064333,2.30413508,1.28036046,-1.14823556,0.34480768,-0.89562929,0.48513544,-1.12943268,3.35672998,-0.10909270,-0.88276911,0.08198083,1.83640015,0.21962821,-1.11582088,-1.07324290,-0.02963987,1.08098102,1.48871529,-1.13510692,-0.33245966,0.35868824,-0.99132025,0.66747993,-0.33916527,-0.68470114,-0.73114353,0.99199831,-0.26136312,-0.44907048,-0.01867642,-0.55550843,0.37609449,2.54386377,0.41784915,-0.57031584,-1.04187608,-1.08492720,0.71247607,2.60529900,-0.91101104,-0.67130005,-0.63798749,-0.54646969,-1.23260164,-0.02297831,0.50281918,1.12400639,-0.86461198,-1.07584763,1.71005082,1.36344326,0.11257815,0.68333524,-0.33552110,-1.06491280,0.53719503,-1.16524243,-0.24662302,0.72631508,2.19692039,-0.06221077,0.69649953,2.45033622,-0.66101933,-1.03518450,-1.03812456,0.52735293,0.12528498,-0.12891211,-1.00631070,-0.14542907,0.30612698,-0.00589851,-0.96385896,-0.96374691,1.17325437,0.25832930,0.10274004,-0.92332703,1.02667332,-0.26840389,-1.00162339,-0.91166013,0.88667715,-0.64338690,-0.40337560,-1.09910643,-0.45953381,0.05822629,1.29176402,0.41111600,-0.48697826,0.57782733,1.09244359,-0.34227324,2.37332106,-0.00820916,-0.97932404,0.95467979,-0.99117464,0.52437383,-1.21896672,-1.08710432,-0.41175464,0.33696690,0.12853856,-1.14542127
1.43979776,0.25563091,-1.24685144,-0.81606084,-0.60907871,0.36391231,-1.27709603,0.10404893,-0.30090547,-0.55331308,0.43091112,0.26447028,1.11424744,1.15294993,-0.92884839,0.43254989,-0.49898744,-0.04307444,-0.85263652,-0.81685168,-0.56647724,1.31672668,1.54476547,-1.22382021,-0.10246001,-0.73873836,0.39296329,-1.21702671,3.34158826,-0.22374201,-0.71275425,0.50627118,1.70717335,0.07466727,-1.19889712,-1.29327023,0.10110359,1.36972880,1.83340228,-1.02010071,-0.14176199,-0.01873368,-1.13143706,1.07787490,-0.38976485,-0.85747463,-0.94261295,0.74336338,-0.01218871,0.00595052,-0.08053292,-0.69708008,-0.03143039,2.71359587,0.33073184,-0.31951398,-1.02798998,-1.11394465,1.17467570,2.17033672,-0.92815560,-0.58494562,-1.07284606,-0.30846319,-1.13584888,0.23624130,1.04358244,1.59511447,-0.92016673,-1.29482698,1.63551986,0.25153294,-0.07170614,1.36880553,-0.33523867,-1.07283926,0.54492241,-0.95455974,-0.74084312,0.16375695,2.04404235,-0.48621789,0.90634370,2.35940576,-0.31785515,-1.01606786,-1.15437233,0.42736658,0.26806858,-0.32786894,-0.65567875,-0.08721747,0.37117764,-0.24287659,-0.68705577,-1.09761524,1.31953263,0.35466200,0.08922388,-1.24436474,0.95611322,-0.25772873,-1.12326229,-0.84371078,1.00408506,-0.51765805,-0.51705992,-1.24870443,-0.04642031,0.04850433,1.23277891,0.33053786,-0.27067539,0.92287081,0.93536383,-0.49139312,2.43220544,-0.13089055,-1.15461588,0.92543811,-1.10379660,0.61291915,-1.34073770,-1.24233723,-0.34000468,1.05474973,-0.08052179,-0.94570059
1.57672024,0.16607538,-1.14005876,-0.78570396,-0.76403755,0.26739827,-1.22880256,-0.25438148,0.09237815,-0.53084111,0.59844178,0.08833231,1.31478715,1.43822861,-1.16645241,0.32657087,-0.49725312,-0.19067320,-0.83624190,-0.92310566,-0.76720321,1.65766168,1.69613922,-1.11640978,-0.01466257,-0.86387920,0.34024152,-1.11008942,3.18671823,-0.07260505,-0.63133693,0.39669839,1.71521401,0.14095750,-1.15142715,-1.20765519,0.09109832,1.25418210,1.71848786,-0.87088257,-0.03590634,-0.11340782,-1.06766975,1.08160698,-0.57664084,-0.75733817,-0.70146769,0.60997140,0.11230867,-0.34888628,-0.15273187,-0.45955661,0.37261692,2.33242559,0.19128264,-0.59150261,-1.06005287,-1.12353683,1.19360709,1.78704357,-0.60211408,-0.31325874,-1.03461325,-0.64502198,-1.21787381,-0.04238224,1.29638290,1.95896101,-0.92074841,-1.12413538,1.65994692,0.59246016,-0.10979547,1.43829119,-0.43987802,-1.10566330,0.30425724,-1.17476785,-0.56340390,0.19606355,2.37295055,-0.33342507,1.41614246,1.82999337,-0.41871801,-1.06286204,-1.06633282,0.09712740,0.46135053,-0.14715415,-0.98828906,0.16020708,-0.07942151,0.01275185,-0.94691205,-1.11740327,1.92972624,-0.03613516,0.04046060,-1.18313110,1.19543016,-0.42210293,-1.08256698,-0.62479782,0.91294646,-0.53678906,-0.49662250,-1.24559569,-0.07985334,0.25686115,0.93949723,0.21889912,-0.11347242,0.45955208,0.67361391,-0.07296088,2.49885249,0.10859615,-1.20180511,1.05657625,-1.07381368,0.67638475,-1.35225737,-1.10727108,-0.29448065,0.53875118,-0.31504574,-1.24495399
1.30093408,0.18753630,-0.98388046,-0.76324725,-0.94606775,0.26382184,-1.26697695,-0.54207814,0.38846043,-0.15173279,0.79955697,-0.14521933,2.02300096,0.77336949,-1.01081538,0.40776953,-0.57921731,0.07708912,-0.91079968,-0.91874927,-0.70193177,1.51652873,1.38805592,-1.27476883,0.47888765,-0.49583998,0.56136447,-1.20302522,3.34423327,-0.54288137,-0.73978949,0.39654502,1.16704595,0.34745532,-1.13564348,-1.20605099,-0.07528421,1.26496291,1.79460049,-1.11532843,-0.49515638,0.11500055,-1.22405016,0.87029725,-0.70266849,-0.53015125,-0.49722835,1.64234126,-0.08539200,-0.15082516,-0.00657748,-0.60235864,0.04717885,2.47631907,0.43760842,-0.59243613,-1.08956814,-1.06597078,1.29951692,1.93361115,-0.91959333,-0.69021291,-0.72369248,-0.29394037,-1.29860234,0.25624645,1.74246132,1.70069861,-0.88976330,-1.09298325,0.96717912,0.58458847,-0.67047673,1.18569636,-0.39374164,-0.97483814,0.43437347,-0.92438066,-0.63606805,0.43490905,1.88666427,-0.23080429,0.44401023,2.56853700,-0.66972816,-1.01585340,-1.10181391,0.75292319,0.25986692,-0.56434560,-1.02101266,0.50717831,0.26546085,-0.21081254,-0.42173827,-1.05126452,1.17710197,-0.01738496,-0.32664046,-1.14261973,0.34183311,0.45410198,-1.08185816,-0.44355375,1.43212748,-0.39461756,-0.84352207,-1.30965674,-0.18550584,0.16736341,1.20893240,0.19382198,-0.63521838,0.75294346,1.05852497,-0.43667820,2.11035728,-0.11331039,-1.35341990,1.21291232,-1.09244013,0.25464174,-1.26122808,-1.19944620,-0.18044789,0.81551331,0.11690206,-1.02603865
